month,Equal weight universe,SPY only,60/40 SPY/TLT,Inverse volatility universe,12M momentum top-k portfolio,Low volatility top-k portfolio,FeatureSensitivity[Logistic full],FeatureSensitivity[Logistic full] | inverse-vol capped top-k,FeatureSensitivity[Logistic identity_ablated],FeatureSensitivity[Logistic identity_ablated] | inverse-vol capped top-k,FeatureSensitivity[Logistic metadata_only],FeatureSensitivity[Logistic metadata_only] | inverse-vol capped top-k,FeatureSensitivity[Logistic strict_time_series],FeatureSensitivity[Logistic strict_time_series] | inverse-vol capped top-k,FeatureSensitivity[Logistic ticker_ablated],FeatureSensitivity[Logistic ticker_ablated] | inverse-vol capped top-k,Rule[6M momentum top-k],Rule[6M momentum top-k] | inverse-vol capped top-k,Rule[Risk-adjusted momentum top-k],Rule[Risk-adjusted momentum top-k] | inverse-vol capped top-k,TabPFN[Direct allocation scorer],TabPFN[Direct allocation scorer] | inverse-vol capped top-k,TabPFN[Direct allocation scorer] Calibration Base,TabPFN[Direct allocation scorer] Calibration Base | inverse-vol capped top-k,XGBoost[GPU allocation scorer],XGBoost[GPU allocation scorer] | inverse-vol capped top-k,XGBoost[GPU allocation scorer] Calibrated,XGBoost[GPU allocation scorer] Calibrated | inverse-vol capped top-k,XGBoost[GPU allocation scorer] Calibration Base,XGBoost[GPU allocation scorer] Calibration Base | inverse-vol capped top-k
2020-01,-0.05454846589056889,-0.07824875075996068,-0.017954954619769554,-0.038901356020923705,-0.04340951969189545,-0.008439333977597918,-0.06894755812331355,-0.07119153028276642,-0.06894755812331355,-0.07119153028276642,-0.0208970355399866,-0.017506848815996914,-0.06894755812331355,-0.07119153028276642,-0.06894755812331355,-0.07119153028276642,-0.07124430154067286,-0.07267987918790265,-0.05503705420020756,-0.054981987564777346,-0.04370906562568293,-0.03698385570480468,-0.038717149649664696,-0.028797515942975947,-0.07669758160606242,-0.07388474164848342,-0.0580105888725366,-0.05471810651810885,-0.0580105888725366,-0.05471810651810885
2020-02,-0.14485390904387144,-0.16354859531727128,-0.06355479485252381,-0.0940642993259792,-0.04848857073837694,-0.029427475767875258,-0.19530406646599152,-0.17028165084311236,-0.19530406646599152,-0.17028165084311236,-0.09220609046682816,-0.07076791049601006,-0.19530406646599152,-0.17028165084311236,-0.19530406646599152,-0.17028165084311236,-0.08378570734090866,-0.06850260844164534,0.010806091602125312,0.00036607150397328263,-0.16735639249921458,-0.13870130352879423,-0.14156536398294578,-0.10383545791205313,-0.19721716120564797,-0.1733386406502301,-0.18196054183256025,-0.15771007716408184,-0.18196054183256025,-0.15771007716408184
2020-03,0.10528192565396918,0.15053660514150402,0.08851092612651605,0.04591733157447381,0.052773552110761825,0.019483687570130373,0.09176869697917163,0.06075296792869335,0.09176869697917163,0.06075296792869335,0.07937151051243199,0.06743191416159172,0.09176869697917163,0.06075296792869335,0.09176869697917163,0.06075296792869335,0.04371972493366937,0.020192347959518558,0.022697535517873412,0.015069628688505497,0.03629038804292084,0.030334437683138326,0.036490388042920846,0.030549229447613492,0.006138645143533284,0.004839215614423906,0.0059386451435332836,0.004716471340715484,0.0059386451435332836,0.004716471340715484
2020-04,0.05812336290824614,0.06417563380504232,0.026107545494459306,0.02708333075305777,0.034638821546781516,0.01809785983821761,0.07042234289334395,0.05480585931773505,0.07042234289334395,0.05480585931773505,0.0696172903722041,0.05927107446132415,0.07042234289334395,0.05480585931773505,0.07042234289334395,0.05480585931773505,0.034638821546781516,0.02013893265986966,0.023943502151655686,0.015276343008602056,0.05596914273012591,0.04689566469562575,0.05596914273012591,0.04689566469562575,0.0735711673794756,0.0641901394929999,0.05953267425327982,0.04144042335224726,0.05953267425327982,0.04144042335224726
2020-05,0.01999273641633628,0.024083804976337664,0.01667339659677749,0.009764223173493609,0.03624280499015369,0.009376396932598086,0.022943770151255243,0.019919869817900164,0.022943770151255243,0.019919869817900164,0.028752161224284437,0.024460780084070204,0.022943770151255243,0.019919869817900164,0.022943770151255243,0.019919869817900164,0.034696014247577935,0.022645534791833226,0.03604280499015369,0.02966427092364978,0.017267792492696585,0.018994419988898507,0.010139115871907878,0.013531985084008354,0.03436487132259592,0.032344002526720574,0.028801325868295712,0.0243938810343493,0.028801325868295712,0.0243938810343493
2020-06,0.05777397312960613,0.060568107729919385,0.05260086781843394,0.03654942901791328,0.12582929989663044,0.03749434770859035,0.04299362031941758,0.03527923415716185,0.04299362031941758,0.03527923415716185,0.11603582248462622,0.11289717090770811,0.04299362031941758,0.03527923415716185,0.04299362031941758,0.03527923415716185,0.06201439197863419,0.05181168314536842,0.1324339653024569,0.13414004442744665,0.07661828576551288,0.1108962801253502,0.09104684903288722,0.12337542137096916,0.11033898372850356,0.10901586540382058,0.12134828154420137,0.10990368531814508,0.12134828154420137,0.10990368531814508
2020-07,0.036529708015603554,0.06667241125666723,0.022756059700349374,0.016659505830199147,0.0749771970159947,-0.0032737908186361688,0.04202054268897347,0.048302628248581676,0.04202054268897347,0.048302628248581676,0.05299560717477236,0.029972980425222385,0.04202054268897347,0.048302628248581676,0.04202054268897347,0.048302628248581676,0.0747771970159947,0.04714180681096165,0.10221267605082206,0.08388921802787142,0.06527224378796202,0.07033923211904519,0.05783451778561828,0.05491521986293239,0.05741513307056616,0.07020665191858731,0.06953763103038527,0.05466206260541706,0.06953763103038527,0.05466206260541706
2020-08,-0.02717035640383174,-0.03188986732147259,-0.016862806004914764,-0.012011011423171652,-0.06673630957636748,-0.0010295248180070883,-0.01771721813061764,-0.014553225907504934,-0.01771721813061764,-0.014553225907504934,-0.056655817911895084,-0.034464388875815995,-0.01771721813061764,-0.014553225907504934,-0.01771721813061764,-0.014553225907504934,-0.06673630957636748,-0.05082390503878844,-0.06425819604557434,-0.0476798888456892,-0.08467799964898355,-0.06723173128312898,-0.08901142552678135,-0.06904829258715939,-0.053654880682950414,-0.036538301868474475,-0.053654880682950414,-0.036361132152930596,-0.053654880682950414,-0.036361132152930596
2020-09,-0.010365286670362833,-0.022180523411653885,-0.02226645338729467,-0.007693247976542609,-0.022112852484255208,-0.00561950306525787,-0.010664814943069747,-0.014742144563273954,-0.010664814943069747,-0.014742144563273954,-0.019442365117299555,-0.022269269974153672,-0.010664814943069747,-0.014742144563273954,-0.010664814943069747,-0.014742144563273954,-0.020308414903256564,-0.023011850459061213,-0.020308414903256564,-0.023014164624132857,-0.014425069025948355,-0.01809320982089169,-0.01191285804473803,-0.016422585311251545,-0.018738401234400227,-0.021750060773110827,-0.02425162606182982,-0.02890994235268779,-0.02425162606182982,-0.02890994235268779
2020-10,0.08653835697744496,0.10711732264276153,0.06429952954957478,0.05069387330038305,0.05218567465034828,0.012746785460183483,0.02483563347531623,0.02532562845527172,0.02483563347531623,0.02532562845527172,0.030727429093103175,0.02698952905198711,0.02483563347531623,0.02532562845527172,0.02483563347531623,0.02532562845527172,0.08244373310423954,0.09523481296798078,0.07248392293281807,0.08125653230924,0.07055964599515512,0.05209695700880607,0.06739594927373989,0.0506614633829071,0.13014210202711796,0.13954067506288756,0.1443374530253682,0.15859646747786196,0.1443374530253682,0.15859646747786196
2020-11,0.03422776897256604,0.031019505719152463,0.01428103460889596,0.01855037114147244,0.06006077895710738,0.0013007817863146757,0.055196927300038987,0.03919326295265308,0.055196927300038987,0.03919326295265308,0.059351438940637616,0.042487444672188325,0.055196927300038987,0.03919326295265308,0.055196927300038987,0.03919326295265308,0.03810212773868897,0.037086219023817514,0.03718348998701251,0.03644204681285789,0.059702831362261136,0.04558769952587343,0.05461387045761484,0.03986902065112501,0.07168349496969498,0.06538871335276995,0.07230029147419123,0.06569766037418945,0.07230029147419123,0.06569766037418945
2020-12,0.0018480586135110454,-0.004236587049449403,-0.014884313519249969,-0.002789937980461853,0.013721705404525353,-0.011691929922356592,0.01071995925824647,0.001036221147315372,0.01071995925824647,0.001036221147315372,0.003895349391852589,-0.008006642639450485,0.01071995925824647,0.001036221147315372,0.01071995925824647,0.001036221147315372,0.014157674095150416,0.008622260939789177,0.0038147011819767763,0.005660311250317895,0.010654102646370258,-0.006651710666225533,0.011848107220509132,-0.005254470866578045,0.019796791458949924,0.005549064977923501,0.022872899058348464,0.013208726281792274,0.022872899058348464,0.013208726281792274
2021-01,0.01824989714597555,0.03176165285255794,-0.009508872925505066,0.0039045174464905196,-0.002081584167357063,-0.012089565867171624,-0.03168455234932182,-0.02408898496473286,-0.03168455234932182,-0.02408898496473286,-0.03646955095321121,-0.03442673169966672,-0.03168455234932182,-0.02408898496473286,-0.03168455234932182,-0.02408898496473286,0.04459465339321771,0.039868398415420156,0.1066913938203466,0.08655225284311217,0.006992265092027041,-0.0178186153608633,0.0081162502565,-0.02160302239546566,-0.02096172290486407,-0.01613376307220892,0.018552736255664243,-0.002946397406561898,0.018552736255664243,-0.002946397406561898
2021-02,0.020199385922180804,0.036605640530027905,0.010806833226704482,0.014707327519207274,0.00028524363373327833,0.010691666102405906,0.0038477881359683117,0.003440241193515854,0.0038477881359683117,0.003440241193515854,-0.012646348951207753,-0.004447423571820305,0.0038477881359683117,0.003440241193515854,0.0038477881359683117,0.003440241193515854,0.006097199292088096,0.0056376674450844474,0.006497199292088096,0.006019419439147196,-0.006517977582730406,0.002242432000472261,-0.013554810189228507,-0.0067877419771904726,0.02243470256642397,0.024700294482258096,0.01938457594862937,0.02220212135627395,0.01938457594862937,0.02220212135627395
2021-03,0.03918025257496316,0.052786445783800984,0.03856577072284515,0.025400962414216237,0.046262053368099396,0.009214357638954597,0.0508345026654296,0.04916948724757671,0.0508345026654296,0.04916948724757671,0.05101161843680076,0.04682862429901802,0.0508345026654296,0.04916948724757671,0.0508345026654296,0.04916948724757671,0.04525921432422553,0.04875741393415619,0.04525921432422553,0.04875741393415619,0.0376774961746825,0.03418161971856397,0.03871670393965586,0.03451862480248226,0.041126702772667216,0.04047688026549998,0.04585643882152586,0.04344665632071855,0.04585643882152586,0.04344665632071855
2021-04,0.019048148716519768,0.0074863049799591685,0.002525999274749457,0.012234663727262216,0.0445772005102894,0.005654935022098018,0.026350736312434102,0.026499147633419193,0.026350736312434102,0.026499147633419193,0.026297074236201336,0.02293942751691495,0.026350736312434102,0.026499147633419193,0.026350736312434102,0.026499147633419193,0.03962840920216078,0.039377226292966715,0.03598437434338271,0.029408065547986837,0.03832255975266144,0.03893124369618545,0.03751957575215024,0.032725435507234904,0.023381523941656136,0.01824923569603501,0.023181523941656137,0.01797266956848957,0.023181523941656137,0.01797266956848957
2021-05,0.0034349043522809413,0.01822927619955861,0.0293609418180278,0.0032751489413246995,-0.013962330671750211,0.01299414064244291,-0.013429759526090249,-0.019247571974649248,-0.013429759526090249,-0.019247571974649248,-0.0025178497542145666,-0.0011052233773475363,-0.013429759526090249,-0.019247571974649248,-0.013429759526090249,-0.019247571974649248,0.00044319764906590854,-0.006990821364304469,-0.008310161370127788,-0.015594648143805226,-0.005221198046793997,-0.01598861701044881,-0.0043607810535112755,-0.005744488496088206,0.001959904765368692,0.00026375576470214857,0.022330917892106526,0.01818412208650425,0.022330917892106526,0.01818412208650425
2021-06,0.009919165879813773,0.026744545245746654,0.031749235066302006,0.011646429581304055,-0.028336211079389,0.018691791192215312,0.0008487055801978273,0.00447601366363381,0.0008487055801978273,0.00447601366363381,0.02236245468274052,0.027184237321522205,0.0008487055801978273,0.00447601366363381,0.0008487055801978273,0.00447601366363381,-0.003317482205303257,0.00910341680810828,0.006017155947884635,0.01803146819110109,-0.024160895416745355,-0.008769970162874735,-0.024160895416745355,-0.008645030230384688,-0.007598586997490944,-0.003685789057662321,-0.00359249812332736,0.0012955727981374668,-0.00359249812332736,0.0012955727981374668
2021-07,0.01039952364131544,0.027751428953097124,0.016676911318899947,0.007744132868593754,0.01689861544826337,0.00164029146559177,-0.0008423089729378881,0.002491054572353353,-0.0008423089729378881,0.002491054572353353,0.0019020190877693235,0.004979899634703043,-0.0008423089729378881,0.002491054572353353,-0.0008423089729378881,0.002491054572353353,0.007477243888998354,0.010711219664485449,0.013478331842978974,0.015242145493765557,-0.009100405995353736,-0.005312876883711961,-0.009100405995353736,-0.005312876883711961,0.005072160204436862,0.008899375767024173,-0.0023616980050036535,0.002590967672701743,-0.0023616980050036535,0.002590967672701743
2021-08,-0.029154358658308763,-0.044633477020188383,-0.03813138448273641,-0.024279959521728303,0.010241471679455353,-0.015555718157065536,-0.04766261437332959,-0.04736368913129555,-0.04766261437332959,-0.04736368913129555,-0.04845683164571244,-0.047095537192196925,-0.04766261437332959,-0.04736368913129555,-0.04766261437332959,-0.04736368913129555,-0.05620680164225858,-0.056260628290644876,-0.055806801642258576,-0.055856961332668105,0.006312387315180692,-0.003904248784296807,0.006312387315180692,-0.003904248784296807,-0.01025198670860179,-0.017759435036198274,0.0014231048933624362,-0.010941383510188678,0.0014231048933624362,-0.010941383510188678
2021-09,0.048540067805628986,0.06803091674893169,0.043955099384615615,0.029297858527352512,0.07079169143477697,0.002612953454288514,0.07605619583039543,0.07782534262154342,0.07605619583039543,0.07782534262154342,0.048065879393141844,0.04565931539487702,0.07605619583039543,0.07782534262154342,0.07605619583039543,0.07782534262154342,0.07064751351705015,0.07134043361151611,0.07971053886392536,0.07781742702428804,0.0622838942681367,0.05473837624412348,0.04828236938841342,0.03794112941224015,0.06685053726427938,0.061345592102718026,0.07332180765639432,0.07089511191427746,0.07332180765639432,0.07089511191427746
2021-10,-0.011524036532459677,0.0029111483500880997,0.015115246944391505,-0.006545855841075783,-0.041423681299213255,-0.0008422018054644598,-0.016883616319010274,-0.014313397048456083,-0.014953598626560049,-0.012169321301438923,0.0029598021002496446,0.007968256059982226,-0.014953598626560049,-0.012169321301438923,-0.014953598626560049,-0.012169321301438923,-0.0030055352958462166,0.004539147733357478,-0.0028055352958462165,0.00471380736564818,-0.01520263450222987,-0.007514014551345716,-0.01480263450222987,-0.007030948311846338,-0.033889598143624265,-0.02854621725811338,-0.04100232523872529,-0.0392237093889754,-0.04100232523872529,-0.0392237093889754
2021-11,0.030873448788642878,0.035381205232966506,0.010822926307797066,0.023057744979048472,0.020864417629690112,0.018494821698901397,0.040057360415004385,0.04289034411869559,0.040257360415004384,0.04312109605608027,0.02014927926342363,0.022024577988120967,0.040257360415004384,0.04312109605608027,0.040257360415004384,0.04312109605608027,0.008516633205277093,0.009665734395288067,0.0031784955496747536,0.0024898569494545193,0.025242675555128317,0.025546502773082177,0.008951457037634603,0.00749310382998574,0.0395103305330345,0.04503197083621003,0.0395103305330345,0.04510885355816118,0.0395103305330345,0.04510885355816118
2021-12,-0.0287299337079912,-0.053789801958696426,-0.04301627072116005,-0.025280154348724812,0.015642109261916823,-0.015251851221864033,-0.009643777632916243,-0.012828768405494215,-0.009643777632916243,-0.012828768405494215,-0.03547419440281732,-0.032868633606111794,-0.009643777632916243,-0.012828768405494215,-0.009643777632916243,-0.012828768405494215,-0.07763364787162784,-0.07586675529242996,-0.057568484584099,-0.05381445144286337,0.04685884783604606,0.031837322895082204,-0.006258799218475831,-0.01089520385896717,0.024924658980198418,0.012183541451994094,-0.0543480943456545,-0.047580515386301536,-0.0543480943456545,-0.047580515386301536
2022-01,-0.00896947976784169,-0.03470298511985426,-0.025696895754447335,-0.008539312258853233,0.016768911332346658,0.006221088434887268,-0.025912531023558814,-0.02418888500877308,-0.025912531023558814,-0.02418888500877308,0.008733536849543366,0.01486209301515693,-0.025912531023558814,-0.02418888500877308,-0.025912531023558814,-0.02418888500877308,0.016615166882607776,0.011375259574102015,0.02386534235348907,0.013578908876835497,0.014467469896052744,0.01457659353829511,0.03659730972472337,0.03382558583892187,0.009295343001882282,0.007587845439139721,0.007218575011858077,0.013608909589485916,0.007218575011858077,0.013608909589485916
2022-02,0.025654978274386377,0.04523311872116076,-0.0017881322543185536,0.006787090419129625,0.06028877510994921,-0.024333911401457353,0.019300512451971397,0.010468062603935374,0.019300512451971397,0.010468062603935374,0.004553606770503873,-0.0012704055499805776,0.019300512451971397,0.010468062603935374,0.019300512451971397,0.010468062603935374,0.03214791022158328,0.027975487359782635,0.03214791022158328,0.027956437368447096,0.03592515768709446,0.033307393313582734,0.013332665445558247,0.0051042166414303125,0.02990446675019023,0.016480759811188392,0.005029969032267466,-0.011483553621064081,0.005029969032267466,-0.011483553621064081
2022-03,-0.05953556928668284,-0.09097510160700706,-0.09134946841770436,-0.04205069861837851,-0.02301397279019619,-0.02440365280721255,-0.04469045201224981,-0.03352192857812917,-0.04469045201224981,-0.03352192857812917,-0.0739517545302963,-0.06902182333112648,-0.04469045201224981,-0.03352192857812917,-0.04469045201224981,-0.03352192857812917,-0.028653938504577956,-0.03313409808961551,-0.027130003040526592,-0.031601425117782966,-0.040445337460133526,-0.042770268038798256,-0.055859516760669366,-0.05648966672743547,-0.07948802892288159,-0.07408507382742874,-0.06948921684329178,-0.067389954633924,-0.06948921684329178,-0.067389954633924
2022-04,0.0105368777034843,0.007522859053700426,0.002403450033564524,0.008278738042212852,0.05248183148985758,0.011017667493377915,-0.014890733844827685,-0.010216662583376675,-0.014890733844827685,-0.010216662583376675,-0.014549400467523243,-0.015146952508639542,-0.014890733844827685,-0.010216662583376675,-0.014890733844827685,-0.010216662583376675,0.046782090992109185,0.028769774759626564,0.046982090992109184,0.029031268731355746,0.044562802239575094,0.033030186861647964,0.022522513427467385,0.016676812769092948,0.04009829972466901,0.043295713714737706,0.03729439966665593,0.03191207244433396,0.03729439966665593,0.03191207244433396
2022-05,-0.07287354676954944,-0.08907986514112753,-0.056525917355265465,-0.04670945844818421,-0.06865184160712798,-0.026540266122363397,-0.06331951283329305,-0.04649372095967995,-0.06331951283329305,-0.04649372095967995,-0.06549819713691579,-0.05741506533877948,-0.06331951283329305,-0.04649372095967995,-0.06331951283329305,-0.04649372095967995,-0.06869507516850118,-0.05614432872481284,-0.09356756382425728,-0.0836702462983739,-0.09656144602511654,-0.08438173547576142,-0.07854672667878217,-0.06566939122258314,-0.0944305029607757,-0.08433553402701138,-0.09281227707893276,-0.08322965535391066,-0.09281227707893276,-0.08322965535391066
2022-06,0.056556064455858174,0.08654638412520965,0.06077993092026039,0.03607887851083386,0.021990257558305193,0.02160292072008594,0.053121785270348235,0.029845002277557996,0.043727605643147684,0.02351915855362305,0.05141969021852476,0.035233765934953615,0.043727605643147684,0.02351915855362305,0.053121785270348235,0.029845002277557996,0.008194033551212818,0.0014341108481867504,0.016032470988396597,0.010520918732955893,0.10714251281490643,0.0997388853659518,0.07967881026297055,0.05653734457382531,0.1106004847397462,0.10102479304209272,0.10076500399887345,0.07585212525942978,0.10076500399887345,0.07585212525942978
2022-07,-0.039556208082165256,-0.03974080851570805,-0.05140555768930266,-0.033369054299388023,-0.009003175668271246,-0.03839231647594304,-0.05072635667039243,-0.039806929253193055,-0.05052635667039243,-0.039674822385365974,-0.07168475296498832,-0.06686192605450669,-0.05052635667039243,-0.039674822385365974,-0.05072635667039243,-0.039806929253193055,-0.009403175668271245,-0.014903100229893874,-0.022794360111284596,-0.025805218084581673,-0.04111491138078349,-0.045443610052326194,-0.04232888384369386,-0.04843857799600468,-0.043138114152703036,-0.04802668101728161,-0.039027093706631204,-0.043530508101016704,-0.039027093706631204,-0.043530508101016704
2022-08,-0.05692393843887033,-0.07718895712368323,-0.06732763163195336,-0.04462696740788199,-0.05222290273148642,-0.02489305329498657,-0.03662921459140331,-0.03330155432949916,-0.03662921459140331,-0.033301554329499154,-0.03136703543154311,-0.03157644985970862,-0.03662921459140331,-0.033301554329499154,-0.03662921459140331,-0.033301554329499154,-0.05222290273148642,-0.047257427641974756,-0.06299792072516709,-0.05482988291512152,-0.03082322354934395,-0.026494726581513448,-0.019370570007850894,-0.018123646074075142,-0.03450935311218482,-0.035101972187012026,-0.017169382386425402,-0.018356947784463156,-0.017169382386425402,-0.018356947784463156
2022-09,0.05320740473314305,0.0804808228945102,0.024291184099358615,0.03470450919258893,0.09120615122160476,-0.0006558239042401263,0.032428786781366674,0.027105948087177655,0.032428786781366674,0.027105948087177655,0.006657333819183167,0.0019851852137694136,0.032428786781366674,0.027105948087177655,0.032428786781366674,0.027105948087177655,0.052729080844163084,0.021393594465918434,0.06634984911839,0.0314954702279434,0.06690413307603953,0.047914301093977575,0.0064573338191831675,0.0018138936440572318,0.034634348566542086,0.02698485097663028,0.006863177293414614,0.0009361987987990491,0.006863177293414614,0.0009361987987990491
2022-10,0.05679526951996139,0.047752093263803363,0.05336089088564533,0.043573013502766635,0.03785517941874486,0.04228045043389704,0.05245580654217443,0.05920514208452032,0.05245580654217443,0.05920514208452032,0.07711695900371393,0.07666595409724286,0.05245580654217443,0.05920514208452032,0.05245580654217443,0.05920514208452032,0.049043391419148465,0.0520110893278042,0.04924339141914846,0.05213792766830844,0.06249456536357565,0.06753868539813046,0.06728642440320945,0.07086568691760477,0.054590058390954925,0.06259634935472581,0.05670236145407999,0.06407947166220976,0.05670236145407999,0.06407947166220976
2022-11,-0.030486276160725252,-0.05537353797348088,-0.035949340587893515,-0.019016184376723835,-0.030022380343602294,-4.985256960317059e-05,-0.058737114204721455,-0.045134469968724514,-0.058737114204721455,-0.045134469968724514,-0.003629754869637394,-0.001282458212883258,-0.058737114204721455,-0.045134469968724514,-0.058737114204721455,-0.045134469968724514,-0.03332651709798869,-0.032419420793397324,-0.019009614785310273,-0.02370494603397401,-0.010549861624304891,-0.00832302217173277,0.0023452902032458523,0.00308736068973929,-0.032527467377872224,-0.03483780984686707,-0.04048140292306698,-0.0433070821310952,-0.04048140292306698,-0.0433070821310952
2022-12,0.04535185405434917,0.05421886359995409,0.05455362942936035,0.03180435846809341,0.006749357110050627,0.017771365800573903,0.08876399556375246,0.08331568948627853,0.08876399556375246,0.08331568948627853,0.04890172683164049,0.05162805161999985,0.08876399556375246,0.08331568948627853,0.08876399556375246,0.08331568948627853,0.01940209398877617,0.02260464253696912,0.030132740558246038,0.036192727243599135,0.0460026182649427,0.04824798119275741,0.03686642167466228,0.04099690730775584,0.08503955219751869,0.08576202794037537,0.04891341095550937,0.051719572884518734,0.04891341095550937,0.051719572884518734
2023-01,-0.03678857107262458,-0.024185039660367114,-0.038617355600944016,-0.029999078613466162,-0.0640858233539966,-0.03321684575973511,-0.03921632451749253,-0.03752058222954097,-0.03921632451749253,-0.03752058222954097,-0.05593877966401646,-0.05519121787393636,-0.03921632451749253,-0.03752058222954097,-0.03921632451749253,-0.03752058222954097,-0.04935183899241084,-0.04295148549563037,-0.05432417754410326,-0.04998458723554092,-0.05150042415809195,-0.04973824275735679,-0.056751620333436816,-0.05579452600163645,-0.040524945097224645,-0.03978095349042073,-0.05117624277179962,-0.04976413936277788,-0.05117624277179962,-0.04976413936277788
2023-02,0.028008940352910162,0.0379362282146436,0.043902146027315195,0.02402910340644068,0.019279222261232576,0.02879340985494614,0.0470627124881299,0.04519079240326073,0.0470627124881299,0.04519079240326073,0.07056276456579505,0.06619663676252939,0.0470627124881299,0.04519079240326073,0.0470627124881299,0.04519079240326073,0.013206446486891222,0.0013057899418238209,0.005274071963515524,-0.00247904938240318,0.0817954344424814,0.07870097466777441,0.0819954344424814,0.0789264080048428,0.05258339667304606,0.051431008608623825,0.06652243439599657,0.06563227458357204,0.06652243439599657,0.06563227458357204
2023-03,0.008176745800769387,0.01619177049851528,0.008414275875306297,0.0075869976410457745,0.0019626731565232985,0.008540643334411247,0.02521684170101008,0.02485758788714984,0.02521684170101008,0.02485758788714984,0.019217160124721744,0.016225854329697562,0.02521684170101008,0.02485758788714984,0.02521684170101008,0.02485758788714984,0.01965906204791321,0.016633766958451958,0.026037983429148003,0.023498183311458355,0.012954645246026143,0.011832882451766731,0.012954645246026143,0.011832882451766731,0.013158724578634649,0.012562228192203196,0.008990394172911432,0.008170147018414354,0.008990394172911432,0.008170147018414354
2023-04,-0.02228179339589975,0.006306163790582797,-0.00273480987287802,-0.019780029839970993,-0.03138039078931456,-0.018029153927205322,-0.017761801404427447,-0.014449878601508823,-0.017761801404427447,-0.014449878601508823,-0.015339459723223686,-0.012401636183912003,-0.017761801404427447,-0.014449878601508823,-0.017761801404427447,-0.014449878601508823,0.004461906097129751,0.003508860071900364,0.004861906097129751,0.003919080571748546,-0.04967771132371843,-0.04325433618367791,-0.05000230703175915,-0.04357905501424717,-0.02962502591030711,-0.02334260312022647,0.0034408066430504187,0.00628008637061273,0.0034408066430504187,0.00628008637061273
2023-05,0.04213859490694451,0.0633244083137594,0.03736910382283174,0.03289940210639942,0.037019009393201956,0.0054538486264613,0.03785733574782478,0.040749915040153746,0.03785733574782478,0.040749915040153746,0.014027423268934002,0.013458486672292887,0.03785733574782478,0.040749915040153746,0.03785733574782478,0.040749915040153746,0.024023576776970403,0.026153716412911233,0.06045533563565374,0.057384461768069474,0.014935319369938792,0.011316632982871978,0.015135319369938793,0.011510058296293224,0.026840436459832764,0.023879237586748748,0.02748119075128428,0.028271285213855028,0.02748119075128428,0.028271285213855028
2023-06,0.024872293356172737,0.03014066538992277,0.003585821543642974,0.018090341601903894,0.02459163608561226,0.0031864601975053696,0.018499596250864017,0.01336978480422429,0.018499596250864017,0.01336978480422429,0.01562313972690477,0.01193735165168113,0.018499596250864017,0.01336978480422429,0.018499596250864017,0.01336978480422429,0.02183943786021172,0.022287464137599453,0.024791636085612263,0.0255387857616007,0.03627571902926561,0.029929554754407443,0.025247495352144815,0.01871822212903219,0.03508656594715018,0.03263839135808574,0.02701376671142704,0.02449722972607487,0.02701376671142704,0.02449722972607487
2023-07,-0.011716248217174666,-0.006793987444359995,-0.015216166845626346,-0.008719760885469567,0.004226372658496948,-0.005983371571659246,-0.008072419311378788,-0.009860124110375589,-0.008072419311378788,-0.009860124110375589,-0.009105026992600187,-0.010521024899797162,-0.008072419311378788,-0.009860124110375589,-0.008072419311378788,-0.009860124110375589,-0.007356867017804758,-0.00753448737491543,-0.01252677255856074,-0.011572520517442978,0.0020862206021057482,-0.0011637215613402281,-0.0016103947276642893,-0.005106400299128946,-0.0093049211561828,-0.01559999720259011,-0.003590331782624824,-0.008160918617239504,-0.003590331782624824,-0.008160918617239504
2023-08,-0.05200129936470254,-0.0552667380282742,-0.06531803768291378,-0.040588268961042825,-0.07520448338975293,-0.03107222962492109,-0.07860293155780243,-0.0725441066336837,-0.08033237691945826,-0.07446893207104235,-0.08393060709428533,-0.07795554039630642,-0.08033237691945826,-0.07446893207104235,-0.08033237691945826,-0.07446893207104235,-0.07558474465994516,-0.06999709904417399,-0.04745039800322104,-0.048921672126190904,-0.06718512695202959,-0.06471037221032508,-0.06552566566327284,-0.062217624045134756,-0.08118268033184523,-0.07518489516953657,-0.08294203836124146,-0.0795266411250876,-0.08294203836124146,-0.0795266411250876
2023-09,-0.014257887335020989,-0.01739239163048345,-0.02633827474078556,-0.009724184846048757,-0.02297278148887094,0.010290267482800932,0.012467885940884108,0.0167440945810911,0.012467885940884108,0.0167440945810911,0.013613752049213005,0.019913558459145445,0.012467885940884108,0.0167440945810911,0.012467885940884108,0.0167440945810911,-0.02597424306592635,-0.024395441574137918,-0.023968741529991157,-0.01636486960087757,-0.0007378842980505284,-0.0040013993744394865,0.01336818741741348,0.022124189931733006,-0.015147849048312744,-0.01488335704094097,-0.016360509936518497,-0.01583345206236284,-0.016360509936518497,-0.01583345206236284
2023-10,0.07028743057723308,0.0872374341021731,0.08832104961426396,0.05605315234630831,0.08783285944048012,0.0521472955123904,0.09374558328687284,0.09361759947210106,0.09374558328687284,0.09361759947210106,0.09359704545412938,0.0857662853243052,0.09374558328687284,0.09361759947210106,0.09374558328687284,0.09361759947210106,0.0554160292482282,0.05059560452822222,0.0069735626184469065,0.015104910846746492,0.07044928359384484,0.07037702443744483,0.05231316957254502,0.047701997799745315,0.0987670020150071,0.09967179711903067,0.08811480253145942,0.08164045983798278,0.08811480253145942,0.08164045983798278
2023-11,0.03833098728499574,0.04016124132235732,0.055797578813775006,0.031395308942747786,0.02566674131726594,0.031216980253747334,0.010666474844980955,0.014370065958936383,0.010666474844980955,0.014370065958936383,0.032615199451071455,0.030834580418775025,0.010666474844980955,0.014370065958936383,0.010666474844980955,0.014370065958936383,0.040329490120782796,0.04125706869437107,0.023504090657842338,0.030328409812623663,0.026936598423728225,0.027591972147741284,0.02815337019981195,0.026889817950611645,-0.0064066254471009335,-0.005359350638663845,-0.006606625447100934,-0.00556566345019362,-0.006606625447100934,-0.00556566345019362
2023-12,-0.0016679543067350364,0.026410709212419725,0.013824467191113807,0.003636995805822973,0.008101708916546645,0.009951515988148607,0.0023334234245310894,0.008562076348773992,0.0023334234245310894,0.008562076348773992,-0.012081819882400336,-0.0061915942806581616,0.0023334234245310894,0.008562076348773992,0.0023334234245310894,0.008562076348773992,0.015382388086690945,0.020108651546380116,-0.009019256417150892,-0.00010139119799238089,-0.015427344705086643,-0.01355502815356256,-0.022383465284693507,-0.020015689088069534,0.00619059724866391,0.010321383176916306,-0.010406053594572938,-0.006834665667825929,-0.010406053594572938,-0.006834665667825929
2024-01,0.022007474886037125,0.05024455760842961,0.01501055900162602,0.016050099569650665,0.04838733982107589,-0.006869604640682647,0.02112812179707282,0.01645628913639247,0.02112812179707282,0.01645628913639247,0.004661114486675545,0.005454358348293925,0.02112812179707282,0.01645628913639247,0.02112812179707282,0.01645628913639247,0.04227148614031181,0.040750156813639894,0.0418714861403118,0.04032030071303244,-0.004051677226486982,-0.004062142715822537,0.0023444001683368583,0.0018884907175591766,0.025471961374477454,0.026821437439333212,0.0342474040737087,0.034176907323416245,0.0342474040737087,0.034176907323416245
2024-02,0.03547266530028931,0.032373606759221296,0.020103227892668052,0.02722540594868023,0.019724065521913636,0.010691602197766058,0.025607954028588353,0.014146205985398686,0.025607954028588353,0.014146205985398686,0.0489868426296359,0.05006729053359088,0.025607954028588353,0.014146205985398686,0.025607954028588353,0.014146205985398686,0.024976393260291642,0.02685050156180424,0.029324804133028848,0.03171647345083966,0.06276371232169922,0.06449274664773917,0.06754242833240792,0.0680875833657876,0.0357624430516821,0.03098906853510186,0.03372883371189552,0.02775396641768374,0.03372883371189552,0.02775396641768374
2024-03,-0.03038391728891855,-0.042857297749395395,-0.04449278697128369,-0.024748193527106863,-0.04929128744845029,-0.02282783061297709,-0.06284316807678299,-0.0616358087000208,-0.06284316807678299,-0.0616358087000208,-0.026369640550949723,-0.02464719216681486,-0.06284316807678299,-0.0616358087000208,-0.06284316807678299,-0.0616358087000208,-0.047737233999873264,-0.04606983678940268,-0.04869664080383002,-0.04625444156169397,-0.024847983090434587,-0.026742721219727327,-0.01382401578430994,-0.012021223281996308,-0.04759345982007992,-0.051979104570033276,-0.047993459820079916,-0.052363628087678124,-0.047993459820079916,-0.052363628087678124
2024-04,0.038582364463721125,0.055127778505528635,0.04368485830529564,0.027778355919726494,0.05333092377446554,0.016993278355299138,0.02976044630935826,0.023808540447956734,0.02976044630935826,0.023808540447956734,0.06568756463888378,0.05487485300898076,0.02976044630935826,0.023808540447956734,0.02976044630935826,0.023808540447956734,0.05353092377446554,0.049118728138513715,0.052862786793538216,0.04079726224994013,0.06684171133479683,0.055882541740458695,0.04746160290714796,0.03604741142552891,0.07618811713067407,0.06738642657782072,0.041308347441963614,0.03894223833985044,0.041308347441963614,0.03894223833985044
2024-05,0.005875083025781582,0.03472490040604037,0.021133188473714037,0.005627477370385738,0.015196733835956391,0.004056685389053927,0.022292510524997634,0.018462025642866736,0.022292510524997634,0.018462025642866736,0.008459645077190416,0.011516832642218882,0.022292510524997634,0.018462025642866736,0.022292510524997634,0.018462025642866736,-0.012754380285260878,-0.006291720824231856,-0.011170965064360527,-0.004794700602121751,0.0026564010338067795,0.005482987417270969,-0.017966821030523696,-0.014906298780663355,0.005956535454031944,0.008835612701705844,-0.004610933835378117,0.0002730597491092193,-0.004610933835378117,0.0002730597491092193
2024-06,0.03019920008451921,0.012719389971227013,0.029915007609920698,0.02710119843147592,0.00277736614391464,0.023964232682578815,0.024152721801124776,0.0273946754703873,0.024152721801124776,0.0273946754703873,0.031575562883864386,0.0386820839490507,0.024152721801124776,0.0273946754703873,0.024152721801124776,0.0273946754703873,0.00035953410506315317,0.0023857174546274102,0.0005595341050631533,0.002610930081292251,0.015245030073251132,0.020252455822382533,0.015245030073251132,0.020270872624006626,0.015955252196230243,0.020964896391003823,0.01575525219623024,0.020797105707414946,0.01575525219623024,0.020797105707414946
2024-07,0.013461769929204831,0.014296604343666086,0.020087333455089416,0.015344784905793503,0.013586492343972533,0.020233048782996366,0.005073795982952768,0.011274527682552797,0.005073795982952768,0.011274527682552797,0.010677567880726092,0.017657166169038358,0.005073795982952768,0.011274527682552797,0.005073795982952768,0.011274527682552797,0.004621251289985117,0.010692982912731231,0.021374570785750956,0.023852935510678373,-0.003398176780605921,0.0005157294206897729,-0.003398176780605921,0.0005157294206897746,-0.008742373801818594,-0.007344160892201241,-0.008742373801818594,-0.007344160892201241,-0.008742373801818594,-0.007344160892201241
2024-08,0.03043556384546595,0.026208207006743978,0.022118052052048885,0.02235018002615775,0.03080290031605977,0.013771094584925935,0.047983681494737716,0.037042166694333085,0.047983681494737716,0.037042166694333085,0.05361603697828019,0.04714924940609402,0.047983681494737716,0.037042166694333085,0.047983681494737716,0.037042166694333085,0.04990271784669435,0.038195824785179515,0.02523112210462575,0.02381592587509814,0.04118771356301181,0.03390727042978144,0.04118771356301181,0.033907270429781436,0.05184441536062759,0.04706573900750814,0.033902861536745786,0.02579005802750587,0.033902861536745786,0.02579005802750587
2024-09,-0.010665997597970208,-0.0036275116346030645,-0.027393455555019465,-0.013357943900796754,0.008395077987695697,-0.022807997478985896,-0.016784523497512447,-0.021295787027935404,-0.016784523497512447,-0.021295787027935404,-0.004628710612742793,-0.012056560259612,-0.016784523497512447,-0.021295787027935404,-0.016784523497512447,-0.021295787027935404,0.001617284102135241,-0.004470753674276366,-0.007018103572301881,-0.008339551081012158,-0.0007445773409926253,-0.009958238862834866,0.0078045904117995495,0.0017068194376584724,0.00990579915624452,0.00719837447288719,-0.007743261491420351,-0.0183622849838921,-0.007743261491420351,-0.0183622849838921
2024-10,0.028550672077839307,0.055397895046385814,0.0390210993901952,0.021691538120608818,0.03747080840747051,0.014785472730992268,0.0115214706133731,0.005907845720006624,0.0115214706133731,0.005907845720006624,-0.003013300634737261,0.00093077432767552,0.0115214706133731,0.005907845720006624,0.0115214706133731,0.005907845720006624,-0.0027079535705051075,0.0054926532373943335,0.028539255586213487,0.03531832757978128,0.0032103595282877207,0.004321826174919305,0.003410359528287721,0.0045634250618166155,0.000319459286191439,0.00695949554053583,0.03235977118659654,0.04059738104674591,0.03235977118659654,0.04059738104674591
2024-11,-0.03755691302642827,-0.019232000251082293,-0.03353414918084672,-0.027597564013477644,-0.05906812731194608,-0.018658383122557076,-0.0335755171232143,-0.03571721706963822,-0.0335755171232143,-0.03571721706963822,-0.03437252506159006,-0.03830085245857853,-0.0335755171232143,-0.03571721706963822,-0.0335755171232143,-0.03571721706963822,-0.05660592122810584,-0.05820370702104226,-0.05433249878153552,-0.05480950751139662,-0.013073525525485576,-0.013130010032933648,-0.052918316851669235,-0.053952314088666124,-0.03445988036462455,-0.037901705740426145,-0.03836351057454557,-0.0422402586086253,-0.03836351057454557,-0.0422402586086253
2024-12,0.016857384523768462,0.005565127991232766,0.008332417708743068,0.012950350481386088,0.0242479762175273,0.00389892812718109,0.02145885371208272,0.018802064623412922,0.02145885371208272,0.018802064623412922,0.023003597062223217,0.020205191278491057,0.02145885371208272,0.018802064623412922,0.02145885371208272,0.018802064623412922,0.023983999287232115,0.025656622956613067,0.004139569881558214,0.004159482865502597,0.031590401038928274,0.028876919276959314,0.033335144389068774,0.03008591030252324,0.02762357160857472,0.025534786566810245,0.015477894144080786,0.01680761316669178,0.015477894144080786,0.01680761316669178
2025-01,0.018716172746558474,0.005922387972315368,0.017631973736928198,0.017158742836431606,0.009280077537542652,0.022546882649768833,-0.007506183726577698,-0.007200805825596859,-0.007506183726577698,-0.007200805825596859,0.02374435608774439,0.02574537382506907,-0.007506183726577698,-0.007200805825596859,-0.007506183726577698,-0.007200805825596859,0.0015737205998529677,0.002887826688165151,0.0006557095317982532,0.0016928681902532914,0.026395320128505494,0.02793838763526221,0.03135731079361235,0.032382980743288,-0.0010856342717532538,-0.0009923846359590873,0.011745291228559076,0.012619471548915092,0.011745291228559076,0.012619471548915092
2025-02,-0.01761579109420204,-0.06215071454819898,-0.0365554975205836,-0.010188036790351008,0.0046359440263149705,-0.00813631203046299,-0.019343629116148644,-0.010467149611451487,-0.019343629116148644,-0.010467149611451487,0.00884144775382991,0.015567562085349004,-0.019343629116148644,-0.010467149611451487,-0.019343629116148644,-0.010467149611451487,-0.03631566428793522,-0.02938501594930235,0.007363971270086679,0.007757305453688772,0.0023193343812875737,0.004116579504269532,0.019873674275360617,0.026227206466255423,-0.03511378074295213,-0.02224357928918808,-0.03511378074295213,-0.022186871346619504,-0.03511378074295213,-0.022186871346619504
2025-03,-0.011693658083292197,0.005238082429772639,-0.004140660712161104,-0.006467022255645124,-0.010063023825567098,-0.014462352103096678,0.0018030088392315682,0.003590859402112979,0.0018030088392315682,0.003590859402112979,-0.003033751723607382,-0.0038798729794236723,0.0018030088392315682,0.003590859402112979,0.0018030088392315682,0.003590859402112979,-0.054882927611483334,-0.050379234602612226,-0.04266520030839745,-0.03620093772693184,-0.0026870143745238552,-0.007823383036288715,-0.02751681890007194,-0.02407323801281996,0.008443118012397832,0.006191870642700178,0.003449023062104551,0.000413287144689629,0.003449023062104551,0.000413287144689629
2025-04,0.02881309536838109,0.048878338836268576,0.012959149866339725,0.01188824821052044,0.03132185409069935,-0.010207767882728125,0.01588776028751182,0.003866567519350784,0.01588776028751182,0.003866567519350784,0.024193143756957095,0.013369080586980359,0.01588776028751182,0.003866567519350784,0.01588776028751182,0.003866567519350784,0.02113517436149899,0.005055131787608367,0.02663990472427551,0.01724345918462972,0.013733244673641967,0.0017808631976720356,0.01738737240213213,0.009884002494851616,0.011245514356325705,0.0043331149467051985,-0.002023793623675372,-0.006956585201530104,-0.002023793623675372,-0.006956585201530104
2025-05,0.03056832287378211,0.05175949847582162,0.045916826364157615,0.020522752411476972,0.017197897505502158,0.020928173575325993,0.03707917054686811,0.031191817680185314,0.03707917054686811,0.031191817680185314,0.04260232675462736,0.03628393639939255,0.03707917054686811,0.031191817680185314,0.03707917054686811,0.031191817680185314,0.042743531400600436,0.0397655778606773,0.02497429635171722,0.023452213873944788,0.04605841962166903,0.040173977862821134,0.04605841962166903,0.040316274197626435,0.05102939534935906,0.04532817305837147,0.05082939534935906,0.04517058987618615,0.05082939534935906,0.04517058987618615
2025-06,0.006917590101351374,0.016126928120048456,0.008608282042020177,0.004863200286309623,0.016327670744510428,0.0021622426865066657,0.021018225080878805,0.019984428165699394,0.021018225080878805,0.019984428165699394,0.013038013587630282,0.009486154477160015,0.021018225080878805,0.019984428165699394,0.021018225080878805,0.019984428165699394,0.004681971809840957,0.003484625514421817,0.00967933677635735,0.0068473784501205575,0.02093819558773367,0.01988564554318147,0.01501816575111219,0.010563962439298457,0.018862846619586107,0.01727827458955597,0.018862846619586107,0.017278274589555973,0.018862846619586107,0.017278274589555973
2025-07,0.02169048330474001,0.017882750807713732,0.003400071466975607,0.014059210101316352,0.027109339161344132,0.004749662373319908,0.01402888454463407,0.011453701299315661,0.01402888454463407,0.011453701299315661,0.022723095349174695,0.01452478496529077,0.01402888454463407,0.011453701299315661,0.01402888454463407,0.011453701299315661,0.02351067836619165,0.01662292717020232,-0.0007715626365931698,-5.1309521170439304e-05,0.037850211315414425,0.029491260715440767,0.031643763248334046,0.02329631374983476,0.030600004949548024,0.021699330758482353,0.04296039715619743,0.03638837543204098,0.04296039715619743,0.03638837543204098
2025-08,0.035731528562933206,0.043150742183237334,0.04518910841455144,0.026107697225863744,0.07940406422088536,0.020057608263674198,0.05029174197631275,0.04972156141327337,0.05029174197631275,0.04972156141327337,0.08627217210382998,0.07568399681284,0.05029174197631275,0.04972156141327337,0.05029174197631275,0.04972156141327337,0.0999112797286336,0.0914528174139482,0.08264949534389227,0.07684001048787796,0.06890805341326711,0.06248326122210526,0.08316019514859094,0.07638409507641006,0.09687287955365066,0.08751465144358547,0.09687287955365066,0.08755770141440276,0.09687287955365066,0.08755770141440276
2025-09,0.011074781320471088,0.03392797461227737,0.022564701035242506,0.008232207091982012,0.03705954393366031,0.006687755016081565,0.025766316716747898,0.024466175183421795,0.025766316716747898,0.024466175183421795,0.023493293253088823,0.02181032280056851,0.025766316716747898,0.024466175183421795,0.025766316716747898,0.024466175183421795,0.04967204543067634,0.05122859087185193,0.04142105262952214,0.043219495406291976,0.0320964684675287,0.0347684704921544,0.028744820822286556,0.028979452936714393,0.02729978285128234,0.026731106257056107,0.027420251850609947,0.030585560114199314,0.027420251850609947,0.030585560114199314
2025-10,0.013984397630838655,-0.010004861380681684,-0.008023530930961153,0.00807712603168991,0.020996628668263448,0.0029288602879408384,0.0343297197018323,0.014172846104765175,0.0343297197018323,0.014172846104765175,0.037583119602967285,0.017975461946824284,0.0343297197018323,0.014172846104765175,0.0343297197018323,0.014172846104765175,0.021196628668263447,0.00015150647025435605,0.020996628668263448,-7.002307469912135e-05,0.038517271757227065,0.023508290683746182,0.05615247842566388,0.03519576532365976,0.028775858029498873,0.009669069379909596,0.04804849345052721,0.03188653770528571,0.04804849345052721,0.03188653770528571
2025-11,0.020344476662243868,0.013149901804612396,0.0028934352877159506,0.008978337722132664,0.08769410514208388,-0.0003129007784060671,0.05965926943766464,0.019921314934458107,0.05965926943766464,0.019921314934458107,0.06504835869178216,0.028200380149545883,0.05965926943766464,0.019921314934458107,0.05965926943766464,0.019921314934458107,0.08189763849956463,0.06152726169627267,0.06691973222915133,0.03941333457056772,0.06683098093323533,0.03426620825486352,0.07148535018117712,0.04735616546026474,0.061123824294195446,0.027840206899187155,0.06411363868560642,0.031136509077120247,0.06411363868560642,0.031136509077120247
2025-12,0.030385959678018475,0.005643794203586516,0.0031704754865795157,0.017550079446570076,0.050123894963657725,0.0008377104236096278,0.020346567955710198,0.014695488929595145,0.020346567955710198,0.014695488929595145,0.0381801641382451,0.023636701461025908,0.020346567955710198,0.014695488929595145,0.020346567955710198,0.014695488929595145,0.041613695233377525,0.029781582108783445,0.05223340892353304,0.03940213527165495,0.06518604683643471,0.06339451091442623,0.05618429379765426,0.051512880772174634,0.06518604683643471,0.06342349662428867,0.04068656167513842,0.030969741535901443,0.04068656167513842,0.030969741535901443
2026-01,0.03269640276213677,-0.015777721252587695,0.005514800751071804,0.019932924260005057,0.04803532841319125,0.013938723119447705,0.042546125832097846,0.04083520795088368,0.042546125832097846,0.04083520795088368,0.05371453751145781,0.039449331117424456,0.042546125832097846,0.04083520795088368,0.042546125832097846,0.04083520795088368,0.05861156876599343,0.04126421856329043,0.1024346052304161,0.09474205496418132,0.0668632352696549,0.054035235707996516,0.07467238138811054,0.06210451825615515,0.08616550467916952,0.08221542746753513,0.08148511540593269,0.0675324820692277,0.08148511540593269,0.0675324820692277
2026-02,-0.036566787634927475,-0.03390923756583586,-0.03526112406158708,-0.02330377218124928,-0.08948633503658364,-0.01653438397118272,-0.0452001026186871,-0.03745820417767892,-0.0452001026186871,-0.03745820417767892,-0.07815928322996064,-0.053645057870204536,-0.0452001026186871,-0.03745820417767892,-0.0452001026186871,-0.03745820417767892,-0.07318894059217285,-0.05385286527733572,-0.06835531102778962,-0.045734752856950604,-0.05332562337848931,-0.023460425781366773,-0.058394078688668236,-0.03168046166011938,-0.04018647456929207,-0.01899968947933224,-0.05571378587279772,-0.0348158806315292,-0.05571378587279772,-0.0348158806315292
2026-03,0.051675458791928926,0.10299735903250284,0.059645976744728914,0.033536867730121885,0.028242667014653923,0.00289783482366357,0.03757875029843308,0.052026652585061006,0.03757875029843308,0.052026652585061006,0.048543947971313256,0.058632392307558866,0.03757875029843308,0.052026652585061006,0.03757875029843308,0.052026652585061006,0.01022977256211788,0.01700628778254973,0.010429772562117879,0.017317724246485255,0.06944845733055846,0.09622624934341681,0.028520777360534738,0.03358113114084519,0.033827845983877766,0.04363813981061443,0.05087994225693639,0.06572271399245466,0.05087994225693639,0.06572271399245466
