Strategy,Metric,Point Estimate,Bootstrap Median,CI Lower,CI Upper,Bootstrap Iterations Requested,Bootstrap Iterations Used,Confidence Level
Equal weight universe,mean_monthly_return,0.00968307720858264,0.009566787755001803,0.0008443841775845949,0.01739679846261524,400,400,0.95
Equal weight universe,cagr,0.11223415214968147,0.11108708143444312,-0.0009648946361531047,0.21973386544726434,400,400,0.95
Equal weight universe,annualized_volatility,0.13666086949169431,0.13266727951403529,0.10438073345331922,0.1682918026207855,400,400,0.95
Equal weight universe,sharpe,0.8502574799588382,0.8812364436396576,0.06897701101436751,1.6494860683981967,400,400,0.95
SPY only,mean_monthly_return,0.013278322470693878,0.013293551305493905,0.0013102644849290034,0.025583156972477476,400,400,0.95
SPY only,cagr,0.1533657518031677,0.15455055953186037,-0.001063583306520383,0.33514164485721365,400,400,0.95
SPY only,annualized_volatility,0.17820446707550844,0.17580284798558776,0.1398509917439088,0.2116316158068457,400,400,0.95
SPY only,sharpe,0.8941407152314053,0.9152660475748442,0.08892434723508882,1.9239987671125567,400,400,0.95
60/40 SPY/TLT,mean_monthly_return,0.00645951671229014,0.006151236191522689,-0.002177900147545858,0.01475976249982006,400,400,0.95
60/40 SPY/TLT,cagr,0.07161112120187996,0.06800129385537657,-0.035514341853556584,0.1844485619931462,400,400,0.95
60/40 SPY/TLT,annualized_volatility,0.12847139286655457,0.12792397405036865,0.10695192378333974,0.145792744789953,400,400,0.95
60/40 SPY/TLT,sharpe,0.6033576722251077,0.5868068328097487,-0.19783727979853807,1.5288604198212032,400,400,0.95
Inverse volatility universe,mean_monthly_return,0.005574402283303064,0.0055635166962023095,0.00036304141541787396,0.011705256674877523,400,400,0.95
Inverse volatility universe,cagr,0.064527566195556,0.06519736505006712,-0.00010321908370042708,0.14655307043640828,400,400,0.95
Inverse volatility universe,annualized_volatility,0.09171399519905989,0.09039605540274034,0.07354432682387757,0.10888088059232426,400,400,0.95
Inverse volatility universe,sharpe,0.729363356753239,0.7349102965535468,0.04393784136860353,1.702143562029399,400,400,0.95
12M momentum top-k portfolio,mean_monthly_return,0.013764592510764494,0.014115334708000905,0.0028539265511875953,0.02416145436929016,400,400,0.95
12M momentum top-k portfolio,cagr,0.16575681262540787,0.1707044587250508,0.022265424604595664,0.3175755263867757,400,400,0.95
12M momentum top-k portfolio,annualized_volatility,0.1485081138426325,0.14687290927493785,0.12351439714449666,0.17133271970001385,400,400,0.95
12M momentum top-k portfolio,sharpe,1.1122295331567047,1.1156655417095793,0.21962608894118646,2.0460709733538955,400,400,0.95
Low volatility top-k portfolio,mean_monthly_return,0.002419861616194614,0.002288362545564723,-0.0012377448972163759,0.006278903498519335,400,400,0.95
Low volatility top-k portfolio,cagr,0.02743713469563125,0.025866996700673828,-0.01652079457028428,0.07649798393675489,400,400,0.95
Low volatility top-k portfolio,annualized_volatility,0.06277533899886215,0.06117321631834573,0.05181253728853227,0.07034372304092562,400,400,0.95
Low volatility top-k portfolio,sharpe,0.4625755887174375,0.4404810415999518,-0.24729333251296026,1.2676821455053158,400,400,0.95
FeatureSensitivity[Logistic full],mean_monthly_return,0.007807197557533946,0.008071218716760729,-0.0023719702517900247,0.01781621557033858,400,400,0.95
FeatureSensitivity[Logistic full],cagr,0.08408048244992417,0.08810648694092538,-0.044797987896987856,0.22562589365377383,400,400,0.95
FeatureSensitivity[Logistic full],annualized_volatility,0.15759511994815273,0.15460412344730573,0.11857255023265784,0.19901275798130375,400,400,0.95
FeatureSensitivity[Logistic full],sharpe,0.5944750746167092,0.632371767956402,-0.1544224830740451,1.6167316543846841,400,400,0.95
FeatureSensitivity[Logistic full] | inverse-vol capped top-k,mean_monthly_return,0.006514736651900654,0.006567237237854597,-0.002893894638815835,0.016327360873180638,400,400,0.95
FeatureSensitivity[Logistic full] | inverse-vol capped top-k,cagr,0.0703720605973257,0.07307930511399996,-0.04631218701311514,0.20688104881063873,400,400,0.95
FeatureSensitivity[Logistic full] | inverse-vol capped top-k,annualized_volatility,0.14028709934604172,0.13735873548737706,0.10538771413074263,0.17822352888597437,400,400,0.95
FeatureSensitivity[Logistic full] | inverse-vol capped top-k,sharpe,0.5572632137041449,0.591548194755978,-0.22303571572994693,1.63109312830675,400,400,0.95
FeatureSensitivity[Logistic identity_ablated],mean_monthly_return,0.00768994946024853,0.007975024186041204,-0.003853572603171676,0.01650557617257795,400,400,0.95
FeatureSensitivity[Logistic identity_ablated],cagr,0.08261148220520731,0.08667535635259727,-0.06117503835638105,0.20677445680257064,400,400,0.95
FeatureSensitivity[Logistic identity_ablated],annualized_volatility,0.15730452090008606,0.15419611434628933,0.1181165197443945,0.20077794751443673,400,400,0.95
FeatureSensitivity[Logistic identity_ablated],sharpe,0.586628998295572,0.6231166830616626,-0.2332419101890678,1.5091803573694043,400,400,0.95
FeatureSensitivity[Logistic identity_ablated] | inverse-vol capped top-k,mean_monthly_return,0.0064381535237797915,0.006639409252567404,-0.0019365460297246907,0.015186039035247421,400,400,0.95
FeatureSensitivity[Logistic identity_ablated] | inverse-vol capped top-k,cagr,0.06939507001330791,0.07247257072682356,-0.033856089777783774,0.1908800287295571,400,400,0.95
FeatureSensitivity[Logistic identity_ablated] | inverse-vol capped top-k,annualized_volatility,0.1402711265525695,0.1362402902617809,0.10587943384620883,0.1776334651315412,400,400,0.95
FeatureSensitivity[Logistic identity_ablated] | inverse-vol capped top-k,sharpe,0.5507750895292306,0.5924270206898049,-0.1571430223068272,1.5003663237809306,400,400,0.95
FeatureSensitivity[Logistic metadata_only],mean_monthly_return,0.011911467965520738,0.0122773332985978,0.00224156132647614,0.02281251421805755,400,400,0.95
FeatureSensitivity[Logistic metadata_only],cagr,0.13970943785789314,0.1449310589402748,0.014776837005747388,0.2984474270998042,400,400,0.95
FeatureSensitivity[Logistic metadata_only],annualized_volatility,0.1524501105720544,0.15031860087131427,0.12830935464011037,0.1721501980077765,400,400,0.95
FeatureSensitivity[Logistic metadata_only],sharpe,0.9376025707681626,0.9835563233767961,0.17121922893181146,1.9412537872391773,400,400,0.95
FeatureSensitivity[Logistic metadata_only] | inverse-vol capped top-k,mean_monthly_return,0.010431760981384063,0.010418133056546142,0.002305503737674833,0.0193393258549887,400,400,0.95
FeatureSensitivity[Logistic metadata_only] | inverse-vol capped top-k,cagr,0.12265826024000792,0.12268924466423847,0.019422445922068658,0.24925179321536794,400,400,0.95
FeatureSensitivity[Logistic metadata_only] | inverse-vol capped top-k,annualized_volatility,0.1347884166052356,0.13271512782941097,0.11348209294268362,0.1552257779538348,400,400,0.95
FeatureSensitivity[Logistic metadata_only] | inverse-vol capped top-k,sharpe,0.9287232162036267,0.9307563532955345,0.21250093006512266,1.796298323216593,400,400,0.95
FeatureSensitivity[Logistic strict_time_series],mean_monthly_return,0.00768994946024853,0.007938796748371293,-0.0031629609080293174,0.017500483446365848,400,400,0.95
FeatureSensitivity[Logistic strict_time_series],cagr,0.08261148220520731,0.08647877520028835,-0.05665773523693928,0.22003152513224597,400,400,0.95
FeatureSensitivity[Logistic strict_time_series],annualized_volatility,0.15730452090008606,0.15215206345266885,0.1167439442286215,0.1992471997001141,400,400,0.95
FeatureSensitivity[Logistic strict_time_series],sharpe,0.586628998295572,0.6247698113023104,-0.21049295200929907,1.590077084533949,400,400,0.95
FeatureSensitivity[Logistic strict_time_series] | inverse-vol capped top-k,mean_monthly_return,0.0064381535237797915,0.007008870581096421,-0.0026742228394891535,0.01471252257208829,400,400,0.95
FeatureSensitivity[Logistic strict_time_series] | inverse-vol capped top-k,cagr,0.06939507001330791,0.0769745740911515,-0.045348346701632604,0.18253880840808978,400,400,0.95
FeatureSensitivity[Logistic strict_time_series] | inverse-vol capped top-k,annualized_volatility,0.1402711265525695,0.13560354964573304,0.10390215768295698,0.16987396036104432,400,400,0.95
FeatureSensitivity[Logistic strict_time_series] | inverse-vol capped top-k,sharpe,0.5507750895292306,0.6166833749631483,-0.18972835919313605,1.5174082664395872,400,400,0.95
FeatureSensitivity[Logistic ticker_ablated],mean_monthly_return,0.007812538521944537,0.0074548159003407135,-0.002610595983786697,0.019224749015536814,400,400,0.95
FeatureSensitivity[Logistic ticker_ablated],cagr,0.08412814344641184,0.07865744089691928,-0.047936557066204255,0.2437241732480426,400,400,0.95
FeatureSensitivity[Logistic ticker_ablated],annualized_volatility,0.15770992750878018,0.15646213406922388,0.12113422112481578,0.19710814749613098,400,400,0.95
FeatureSensitivity[Logistic ticker_ablated],sharpe,0.5944487055712778,0.568031151444985,-0.1589495713528696,1.681270186774682,400,400,0.95
FeatureSensitivity[Logistic ticker_ablated] | inverse-vol capped top-k,mean_monthly_return,0.006520736681861229,0.006726515528442566,-0.0026096315985510376,0.014514597291883693,400,400,0.95
FeatureSensitivity[Logistic ticker_ablated] | inverse-vol capped top-k,cagr,0.0704262736160568,0.07308049969724228,-0.043174793544839975,0.1804623431320396,400,400,0.95
FeatureSensitivity[Logistic ticker_ablated] | inverse-vol capped top-k,annualized_volatility,0.14042584344497666,0.13652494756970118,0.10717703180959724,0.17378408557556024,400,400,0.95
FeatureSensitivity[Logistic ticker_ablated] | inverse-vol capped top-k,sharpe,0.5572253529884985,0.5858987014022241,-0.19876223238504812,1.4668180866220741,400,400,0.95
Rule[6M momentum top-k],mean_monthly_return,0.008899821655087193,0.00916164426800999,-0.0008974148628056925,0.018015051412586323,400,400,0.95
Rule[6M momentum top-k],cagr,0.09995782595785241,0.1036731265361217,-0.020986807781175777,0.22441234519224706,400,400,0.95
Rule[6M momentum top-k],annualized_volatility,0.1499561615465268,0.14939372114549482,0.12828795535156035,0.16704450433414325,400,400,0.95
Rule[6M momentum top-k],sharpe,0.7121938755941696,0.7433530581505827,-0.07470356184931816,1.5274989049822436,400,400,0.95
Rule[6M momentum top-k] | inverse-vol capped top-k,mean_monthly_return,0.006895122778274249,0.006763898315232482,-0.0022301091972157013,0.01524178310663736,400,400,0.95
Rule[6M momentum top-k] | inverse-vol capped top-k,cagr,0.07635367685731476,0.0756496108384197,-0.03623267921934094,0.18853302167454702,400,400,0.95
Rule[6M momentum top-k] | inverse-vol capped top-k,annualized_volatility,0.13439933748213834,0.13328930180743292,0.1134165202742236,0.15201071132500132,400,400,0.95
Rule[6M momentum top-k] | inverse-vol capped top-k,sharpe,0.6156389971065691,0.6064301849673819,-0.1878675319086887,1.4403331660872811,400,400,0.95
Rule[Risk-adjusted momentum top-k],mean_monthly_return,0.01247326774447444,0.012301097050411068,0.0034506281832680638,0.02288793325682407,400,400,0.95
Rule[Risk-adjusted momentum top-k],cagr,0.14721525399119462,0.14540755017468043,0.03168150806940345,0.29308281737164404,400,400,0.95
Rule[Risk-adjusted momentum top-k],annualized_volatility,0.15400554390247292,0.15162614517895007,0.12709926324225562,0.1767953849326795,400,400,0.95
Rule[Risk-adjusted momentum top-k],sharpe,0.9719079530570705,0.9734338029357356,0.28490212721984476,1.7980878605555193,400,400,0.95
Rule[Risk-adjusted momentum top-k] | inverse-vol capped top-k,mean_monthly_return,0.010956937315846444,0.011253830997262909,0.0020308748858786697,0.019437010509960485,400,400,0.95
Rule[Risk-adjusted momentum top-k] | inverse-vol capped top-k,cagr,0.1289536758999148,0.1323517547796247,0.016143066184339073,0.24787274074523866,400,400,0.95
Rule[Risk-adjusted momentum top-k] | inverse-vol capped top-k,annualized_volatility,0.1403163436496833,0.1382248701627627,0.11295413497383781,0.16232423571848228,400,400,0.95
Rule[Risk-adjusted momentum top-k] | inverse-vol capped top-k,sharpe,0.9370487027400111,0.9725357779563579,0.18690278199142277,1.7196063490022144,400,400,0.95
TabPFN[Direct allocation scorer],mean_monthly_return,0.015214321599186986,0.015554885150824191,0.005806835813272669,0.025009970989889822,400,400,0.95
TabPFN[Direct allocation scorer],cagr,0.18309709627386117,0.18820993141036735,0.05369140280004712,0.3328248685795623,400,400,0.95
TabPFN[Direct allocation scorer],annualized_volatility,0.16230082925390174,0.1590054367257896,0.12553431207901025,0.19481759265413598,400,400,0.95
TabPFN[Direct allocation scorer],sharpe,1.124897882712788,1.1825406180453015,0.4158399946774843,2.251253927650245,400,400,0.95
TabPFN[Direct allocation scorer] | inverse-vol capped top-k,mean_monthly_return,0.013953908489612796,0.014327238672254591,0.005534272769346186,0.024170093769786304,400,400,0.95
TabPFN[Direct allocation scorer] | inverse-vol capped top-k,cagr,0.16808960225688185,0.17385035189458709,0.05649403155647761,0.32258764728163847,400,400,0.95
TabPFN[Direct allocation scorer] | inverse-vol capped top-k,annualized_volatility,0.14943594644198374,0.14732490778050517,0.11995715383089994,0.17261976907988544,400,400,0.95
TabPFN[Direct allocation scorer] | inverse-vol capped top-k,sharpe,1.1205262579868107,1.1844396118350733,0.43986778833576073,2.160872297469169,400,400,0.95
TabPFN[Direct allocation scorer] Calibration Base,mean_monthly_return,0.011816517937445927,0.012672252265428592,0.002492784367605554,0.02245591910484935,400,400,0.95
TabPFN[Direct allocation scorer] Calibration Base,cagr,0.13806552595563004,0.15009234761723178,0.016107974287473157,0.2933581762866957,400,400,0.95
TabPFN[Direct allocation scorer] Calibration Base,annualized_volatility,0.15350150878902133,0.15129246141960517,0.12363735491794206,0.17897876607964172,400,400,0.95
TabPFN[Direct allocation scorer] Calibration Base,sharpe,0.9237577947474399,1.0120980612759982,0.17987077752308286,1.967694883496509,400,400,0.95
TabPFN[Direct allocation scorer] Calibration Base | inverse-vol capped top-k,mean_monthly_return,0.010514612653143435,0.010266881030670014,0.0012285895967852167,0.019710999781850532,400,400,0.95
TabPFN[Direct allocation scorer] Calibration Base | inverse-vol capped top-k,cagr,0.12346772411705809,0.12060121629977483,0.004736309539122363,0.25469389213304633,400,400,0.95
TabPFN[Direct allocation scorer] Calibration Base | inverse-vol capped top-k,annualized_volatility,0.1366013280277947,0.13335002853676736,0.11197788711238446,0.1605507766464391,400,400,0.95
TabPFN[Direct allocation scorer] Calibration Base | inverse-vol capped top-k,sharpe,0.9236758797253267,0.9242139022922287,0.10315923551017181,1.8221172225446138,400,400,0.95
XGBoost[GPU allocation scorer],mean_monthly_return,0.013886455013131297,0.013868905237855087,0.0010333200069528883,0.024661342851553473,400,400,0.95
XGBoost[GPU allocation scorer],cagr,0.16033793427717713,0.16152608053124606,-0.01092523281572822,0.3174819160947751,400,400,0.95
XGBoost[GPU allocation scorer],annualized_volatility,0.18390855802394349,0.18027350109977416,0.14248896861738602,0.2259531189863348,400,400,0.95
XGBoost[GPU allocation scorer],sharpe,0.9060886668247414,0.9028102054016365,0.05233698961888262,1.7073171277427106,400,400,0.95
XGBoost[GPU allocation scorer] | inverse-vol capped top-k,mean_monthly_return,0.013232590114775606,0.01281562528567316,0.00234806305847991,0.023385788572576685,400,400,0.95
XGBoost[GPU allocation scorer] | inverse-vol capped top-k,cagr,0.15383947796443564,0.14864705829432023,0.009905569244552062,0.30170741847903965,400,400,0.95
XGBoost[GPU allocation scorer] | inverse-vol capped top-k,annualized_volatility,0.1727592183511613,0.17157359345875897,0.13899879631046644,0.2069254185173601,400,400,0.95
XGBoost[GPU allocation scorer] | inverse-vol capped top-k,sharpe,0.9191467922396968,0.9037305556971651,0.14900259929726864,1.748334766220988,400,400,0.95
XGBoost[GPU allocation scorer] Calibrated,mean_monthly_return,0.012628890703823092,0.012279943922373172,5.716622681749922e-05,0.023939218222650865,400,400,0.95
XGBoost[GPU allocation scorer] Calibrated,cagr,0.14416065887504637,0.13929178068020265,-0.019963006296321792,0.3106745653179647,400,400,0.95
XGBoost[GPU allocation scorer] Calibrated,annualized_volatility,0.17973347931621672,0.17637896917135298,0.14002416031633408,0.2197876127364481,400,400,0.95
XGBoost[GPU allocation scorer] Calibrated,sharpe,0.8431745105164922,0.8431695188351708,0.0034231847495005876,1.789003841930319,400,400,0.95
XGBoost[GPU allocation scorer] Calibrated | inverse-vol capped top-k,mean_monthly_return,0.010848943269130606,0.010753205200699046,0.00022576861780689218,0.021964124829860696,400,400,0.95
XGBoost[GPU allocation scorer] Calibrated | inverse-vol capped top-k,cagr,0.12292282056624115,0.12366394217135857,-0.01146219688427372,0.2821550971010243,400,400,0.95
XGBoost[GPU allocation scorer] Calibrated | inverse-vol capped top-k,annualized_volatility,0.16642527788484976,0.16450491107187148,0.13041923613864748,0.20039722513410932,400,400,0.95
XGBoost[GPU allocation scorer] Calibrated | inverse-vol capped top-k,sharpe,0.7822568835945963,0.7912075265108152,0.018847061099057323,1.7453024103340111,400,400,0.95
XGBoost[GPU allocation scorer] Calibration Base,mean_monthly_return,0.012628890703823092,0.012611447137798784,0.0012707198209015425,0.02356771152000255,400,400,0.95
XGBoost[GPU allocation scorer] Calibration Base,cagr,0.14416065887504637,0.14438724211283938,-0.008176968917177648,0.31187572197016394,400,400,0.95
XGBoost[GPU allocation scorer] Calibration Base,annualized_volatility,0.17973347931621672,0.1768866036215708,0.1412594849637315,0.2206164423529548,400,400,0.95
XGBoost[GPU allocation scorer] Calibration Base,sharpe,0.8431745105164922,0.8663305681025376,0.07085646305148498,1.8609086219236453,400,400,0.95
XGBoost[GPU allocation scorer] Calibration Base | inverse-vol capped top-k,mean_monthly_return,0.010848943269130606,0.011005217062411032,0.00020532787290919476,0.02211750841130814,400,400,0.95
XGBoost[GPU allocation scorer] Calibration Base | inverse-vol capped top-k,cagr,0.12292282056624115,0.1248697521045562,-0.012912445707256966,0.28217281036107933,400,400,0.95
XGBoost[GPU allocation scorer] Calibration Base | inverse-vol capped top-k,annualized_volatility,0.16642527788484976,0.16354711802708777,0.12739316589205976,0.20287616604718525,400,400,0.95
XGBoost[GPU allocation scorer] Calibration Base | inverse-vol capped top-k,sharpe,0.7822568835945963,0.8043764094137007,0.01411006332799186,1.7128675546229801,400,400,0.95
