feature,missing_rate_selection,non_null_selection,n_unique_selection
market_hyg_return_252d,0.21651785714285715,2808,117
market_hyg_drawdown_252d,0.21651785714285715,2808,101
market_hyg_ma_distance_200d,0.19642857142857142,2880,120
market_hyg_drawdown_126d,0.17633928571428573,2952,105
market_hyg_return_126d,0.17633928571428573,2952,123
market_hyg_ma_distance_126d,0.17633928571428573,2952,123
market_hyg_rv_126d,0.17633928571428573,2952,123
market_hyg_beta_to_spy_126d,0.17633928571428573,2952,123
market_hyg_drawdown_63d,0.15625,3024,106
market_hyg_rv_63d,0.15625,3024,126
market_hyg_ma_distance_63d,0.15625,3024,126
market_hyg_return_63d,0.15625,3024,126
market_hyg_volume_zscore_63d,0.15625,3024,126
market_hyg_return_21d,0.14285714285714285,3072,128
market_hyg_rv_21d,0.14285714285714285,3072,128
market_slv_return_252d,0.14285714285714285,3072,128
market_slv_drawdown_252d,0.13616071428571427,3096,121
market_slv_ma_distance_200d,0.123046875,3143,131
market_dbc_return_252d,0.123046875,3143,131
market_dbc_drawdown_252d,0.123046875,3143,125
market_tlt_return_252d,0.11662946428571429,3166,132
market_xlp_drawdown_252d,0.11662946428571429,3166,118
market_xlu_return_252d,0.11662946428571429,3166,132
market_shy_drawdown_252d,0.11662946428571429,3166,108
market_xlu_drawdown_252d,0.11662946428571429,3166,122
market_xlf_drawdown_252d,0.11662946428571429,3166,125
market_xlf_return_252d,0.11662946428571429,3166,132
market_xle_drawdown_252d,0.11662946428571429,3166,126
market_lqd_drawdown_252d,0.11662946428571429,3166,109
market_xlk_drawdown_252d,0.11662946428571429,3166,117
market_gld_return_252d,0.11662946428571429,3166,132
market_xli_return_252d,0.11662946428571429,3166,132
market_xlk_return_252d,0.11662946428571429,3166,132
market_xly_drawdown_252d,0.11662946428571429,3166,121
market_iwm_drawdown_252d,0.11662946428571429,3166,125
market_iwm_return_252d,0.11662946428571429,3166,132
market_dia_drawdown_252d,0.11662946428571429,3166,121
market_dia_return_252d,0.11662946428571429,3166,132
market_eem_return_252d,0.11662946428571429,3166,132
market_eem_drawdown_252d,0.11662946428571429,3166,128
market_shy_return_252d,0.11662946428571429,3166,132
market_lqd_return_252d,0.11662946428571429,3166,132
market_xlp_return_252d,0.11662946428571429,3166,132
market_ief_drawdown_252d,0.11662946428571429,3166,122
market_xlv_return_252d,0.11662946428571429,3166,132
market_tlt_drawdown_252d,0.11662946428571429,3166,125
market_ief_return_252d,0.11662946428571429,3166,132
market_xlv_drawdown_252d,0.11662946428571429,3166,123
market_efa_return_252d,0.11662946428571429,3166,132
market_xly_return_252d,0.11662946428571429,3166,132
market_efa_drawdown_252d,0.11662946428571429,3166,122
market_xle_return_252d,0.11662946428571429,3166,132
market_xli_drawdown_252d,0.11662946428571429,3166,126
market_xlb_return_252d,0.11662946428571429,3166,132
market_gld_drawdown_252d,0.11662946428571429,3166,127
market_iyr_return_252d,0.11662946428571429,3166,132
market_vnq_drawdown_252d,0.11662946428571429,3166,121
market_iyr_drawdown_252d,0.11662946428571429,3166,119
market_xlb_drawdown_252d,0.11662946428571429,3166,125
market_spy_drawdown_252d,0.11662946428571429,3166,123
market_spy_return_252d,0.11662946428571429,3166,132
market_qqq_drawdown_252d,0.11662946428571429,3166,117
market_qqq_return_252d,0.11662946428571429,3166,132
market_vnq_return_252d,0.11662946428571429,3166,132
market_dbc_ma_distance_200d,0.10379464285714286,3212,134
market_dia_ma_distance_200d,0.09737723214285714,3235,135
market_efa_ma_distance_200d,0.09737723214285714,3235,135
market_spy_ma_distance_200d,0.09737723214285714,3235,135
market_xlb_ma_distance_200d,0.09737723214285714,3235,135
market_slv_return_126d,0.09737723214285714,3235,135
market_vnq_ma_distance_200d,0.09737723214285714,3235,135
market_qqq_ma_distance_200d,0.09737723214285714,3235,135
market_slv_ma_distance_126d,0.09737723214285714,3235,135
market_xlf_ma_distance_200d,0.09737723214285714,3235,135
market_iwm_ma_distance_200d,0.09737723214285714,3235,135
market_xli_ma_distance_200d,0.09737723214285714,3235,135
market_xle_ma_distance_200d,0.09737723214285714,3235,135
market_slv_drawdown_126d,0.09737723214285714,3235,125
market_slv_rv_126d,0.09737723214285714,3235,135
market_ief_ma_distance_200d,0.09737723214285714,3235,135
market_lqd_ma_distance_200d,0.09737723214285714,3235,135
market_iyr_ma_distance_200d,0.09737723214285714,3235,135
market_gld_ma_distance_200d,0.09737723214285714,3235,135
market_slv_beta_to_spy_126d,0.09737723214285714,3235,135
market_xlv_ma_distance_200d,0.09737723214285714,3235,135
market_shy_ma_distance_200d,0.09737723214285714,3235,135
market_xlk_ma_distance_200d,0.09737723214285714,3235,135
market_xlp_ma_distance_200d,0.09737723214285714,3235,135
market_eem_ma_distance_200d,0.09737723214285714,3235,135
market_tlt_ma_distance_200d,0.09737723214285714,3235,135
market_xlu_ma_distance_200d,0.09737723214285714,3235,135
market_xly_ma_distance_200d,0.09737723214285714,3235,135
asset_return_252d,0.08482142857142858,3280,3280
market_dbc_ma_distance_126d,0.08454241071428571,3281,137
market_dbc_beta_to_spy_126d,0.08454241071428571,3281,137
market_dbc_return_126d,0.08454241071428571,3281,137
market_dbc_drawdown_126d,0.08454241071428571,3281,129
asset_drawdown_252d,0.08454241071428571,3281,2993
market_dbc_rv_126d,0.08454241071428571,3281,137
market_t_bill_3m_zscore_252d,0.07979910714285714,3298,132
market_yield_curve_10y_2y_zscore_252d,0.07979910714285714,3298,132
market_vix_zscore_252d,0.07979910714285714,3298,132
market_fed_funds_rate_zscore_252d,0.07979910714285714,3298,132
market_treasury_10y_yield_zscore_252d,0.07979910714285714,3298,132
market_treasury_2y_yield_zscore_252d,0.07979910714285714,3298,132
market_ief_beta_to_spy_126d,0.078125,3304,138
market_efa_beta_to_spy_126d,0.078125,3304,138
market_iyr_beta_to_spy_126d,0.078125,3304,138
market_tlt_beta_to_spy_126d,0.078125,3304,138
market_eem_beta_to_spy_126d,0.078125,3304,138
market_xlv_beta_to_spy_126d,0.078125,3304,138
market_iwm_beta_to_spy_126d,0.078125,3304,138
market_xlf_beta_to_spy_126d,0.078125,3304,138
market_xle_beta_to_spy_126d,0.078125,3304,138
market_xlb_beta_to_spy_126d,0.078125,3304,138
market_ief_ma_distance_126d,0.078125,3304,138
market_shy_downside_rv_126d,0.078125,3304,138
market_shy_rv_126d,0.078125,3304,138
market_shy_ma_distance_126d,0.078125,3304,138
market_lqd_return_126d,0.078125,3304,138
market_lqd_rv_126d,0.078125,3304,138
market_lqd_downside_rv_126d,0.078125,3304,138
market_shy_drawdown_126d,0.078125,3304,110
market_xlp_return_126d,0.078125,3304,138
market_xlu_downside_rv_126d,0.078125,3304,138
market_xlu_rv_126d,0.078125,3304,138
market_xlp_ma_distance_126d,0.078125,3304,138
market_xlu_return_126d,0.078125,3304,138
market_xlp_rv_126d,0.078125,3304,138
market_xlp_downside_rv_126d,0.078125,3304,138
market_xlp_drawdown_126d,0.078125,3304,121
market_eem_ma_distance_126d,0.078125,3304,138
market_tlt_return_126d,0.078125,3304,138
market_xlu_drawdown_126d,0.078125,3304,123
market_xlv_ma_distance_126d,0.078125,3304,138
market_xly_rv_126d,0.078125,3304,138
market_xlv_return_126d,0.078125,3304,138
market_xlu_ma_distance_126d,0.078125,3304,138
market_xlv_drawdown_126d,0.078125,3304,128
market_ief_drawdown_126d,0.078125,3304,122
market_ief_downside_rv_126d,0.078125,3304,138
market_ief_rv_126d,0.078125,3304,138
market_tlt_ma_distance_126d,0.078125,3304,138
market_ief_return_126d,0.078125,3304,138
market_tlt_rv_126d,0.078125,3304,138
market_tlt_downside_rv_126d,0.078125,3304,138
market_tlt_drawdown_126d,0.078125,3304,124
market_efa_rv_126d,0.078125,3304,138
market_efa_drawdown_126d,0.078125,3304,125
market_efa_downside_rv_126d,0.078125,3304,138
market_efa_ma_distance_126d,0.078125,3304,138
market_efa_return_126d,0.078125,3304,138
market_xly_downside_rv_126d,0.078125,3304,138
market_xlv_rv_126d,0.078125,3304,138
market_xlv_downside_rv_126d,0.078125,3304,138
market_xly_return_126d,0.078125,3304,138
market_vnq_beta_to_spy_126d,0.078125,3304,138
market_xly_beta_to_spy_126d,0.078125,3304,138
market_gld_beta_to_spy_126d,0.078125,3304,138
market_qqq_beta_to_spy_126d,0.078125,3304,138
market_lqd_beta_to_spy_126d,0.078125,3304,138
market_xly_drawdown_126d,0.078125,3304,125
market_shy_beta_to_spy_126d,0.078125,3304,138
market_iwm_return_126d,0.078125,3304,138
market_iwm_ma_distance_126d,0.078125,3304,138
market_iwm_downside_rv_126d,0.078125,3304,138
market_iwm_drawdown_126d,0.078125,3304,131
market_iwm_rv_126d,0.078125,3304,138
market_dia_beta_to_spy_126d,0.078125,3304,138
market_xly_ma_distance_126d,0.078125,3304,138
market_dia_drawdown_126d,0.078125,3304,126
market_dia_return_126d,0.078125,3304,138
market_dia_ma_distance_126d,0.078125,3304,138
market_dia_downside_rv_126d,0.078125,3304,138
market_dia_rv_126d,0.078125,3304,138
market_eem_drawdown_126d,0.078125,3304,129
market_eem_downside_rv_126d,0.078125,3304,138
market_eem_rv_126d,0.078125,3304,138
market_eem_return_126d,0.078125,3304,138
market_xli_beta_to_spy_126d,0.078125,3304,138
market_xlu_beta_to_spy_126d,0.078125,3304,138
market_xlk_beta_to_spy_126d,0.078125,3304,138
market_xlp_beta_to_spy_126d,0.078125,3304,138
market_slv_ma_distance_63d,0.078125,3304,138
market_slv_drawdown_63d,0.078125,3304,121
market_slv_downside_rv_126d,0.078125,3304,138
market_slv_volume_zscore_63d,0.078125,3304,138
market_xlf_drawdown_126d,0.078125,3304,130
market_xlf_downside_rv_126d,0.078125,3304,138
market_lqd_drawdown_126d,0.078125,3304,108
market_xlf_ma_distance_126d,0.078125,3304,138
market_xle_rv_126d,0.078125,3304,138
market_xle_return_126d,0.078125,3304,138
market_xle_downside_rv_126d,0.078125,3304,138
market_lqd_ma_distance_126d,0.078125,3304,138
market_shy_return_126d,0.078125,3304,138
market_xlk_rv_126d,0.078125,3304,138
market_xlk_downside_rv_126d,0.078125,3304,138
market_xli_drawdown_126d,0.078125,3304,131
market_xli_return_126d,0.078125,3304,138
market_xli_ma_distance_126d,0.078125,3304,138
market_xli_downside_rv_126d,0.078125,3304,138
market_xlk_return_126d,0.078125,3304,138
market_xli_rv_126d,0.078125,3304,138
market_xlk_drawdown_126d,0.078125,3304,121
market_xlk_ma_distance_126d,0.078125,3304,138
market_gld_return_126d,0.078125,3304,138
market_xlf_return_126d,0.078125,3304,138
market_xlf_rv_126d,0.078125,3304,138
market_xle_drawdown_126d,0.078125,3304,131
market_xle_ma_distance_126d,0.078125,3304,138
market_vnq_drawdown_126d,0.078125,3304,123
market_vnq_downside_rv_126d,0.078125,3304,138
market_vnq_rv_126d,0.078125,3304,138
market_iyr_return_126d,0.078125,3304,138
market_vnq_ma_distance_126d,0.078125,3304,138
market_iyr_rv_126d,0.078125,3304,138
market_iyr_downside_rv_126d,0.078125,3304,138
market_iyr_drawdown_126d,0.078125,3304,120
market_iyr_ma_distance_126d,0.078125,3304,138
market_xlb_downside_rv_126d,0.078125,3304,138
market_xlb_return_126d,0.078125,3304,138
market_slv_rv_63d,0.078125,3304,138
market_xlb_drawdown_126d,0.078125,3304,129
market_gld_ma_distance_126d,0.078125,3304,138
market_xlb_ma_distance_126d,0.078125,3304,138
market_xlb_rv_126d,0.078125,3304,138
market_slv_return_63d,0.078125,3304,138
market_gld_rv_126d,0.078125,3304,138
market_gld_downside_rv_126d,0.078125,3304,138
market_gld_drawdown_126d,0.078125,3304,130
market_spy_rv_126d,0.078125,3304,138
market_dbc_downside_rv_126d,0.078125,3304,138
market_vnq_return_126d,0.078125,3304,138
market_spy_drawdown_126d,0.078125,3304,128
market_spy_return_126d,0.078125,3304,138
market_spy_ma_distance_126d,0.078125,3304,138
market_spy_downside_rv_126d,0.078125,3304,138
market_qqq_drawdown_126d,0.078125,3304,120
market_qqq_return_126d,0.078125,3304,138
market_qqq_ma_distance_126d,0.078125,3304,138
market_qqq_downside_rv_126d,0.078125,3304,138
market_qqq_rv_126d,0.078125,3304,138
market_hyg_downside_rv_126d,0.07589285714285714,3312,130
market_dbc_volume_zscore_63d,0.06529017857142858,3350,140
market_dbc_drawdown_63d,0.06529017857142858,3350,127
market_dbc_ma_distance_63d,0.06529017857142858,3350,140
market_slv_return_21d,0.06529017857142858,3350,140
market_dbc_rv_63d,0.06529017857142858,3350,140
market_dbc_return_63d,0.06529017857142858,3350,140
market_slv_rv_21d,0.06529017857142858,3350,140
market_qqq_rv_63d,0.058872767857142856,3373,141
market_qqq_downside_rv_63d,0.058872767857142856,3373,141
market_qqq_drawdown_63d,0.058872767857142856,3373,122
market_qqq_ma_distance_63d,0.058872767857142856,3373,141
market_qqq_return_63d,0.058872767857142856,3373,141
market_qqq_volume_zscore_63d,0.058872767857142856,3373,141
market_spy_ma_distance_63d,0.058872767857142856,3373,141
market_spy_drawdown_63d,0.058872767857142856,3373,129
market_xlb_downside_rv_63d,0.058872767857142856,3373,141
market_slv_downside_rv_63d,0.058872767857142856,3373,141
market_xle_ma_distance_63d,0.058872767857142856,3373,141
market_xle_drawdown_63d,0.058872767857142856,3373,133
market_xle_downside_rv_63d,0.058872767857142856,3373,141
market_xlf_return_63d,0.058872767857142856,3373,141
market_xle_volume_zscore_63d,0.058872767857142856,3373,141
market_xlb_rv_63d,0.058872767857142856,3373,141
market_xle_return_63d,0.058872767857142856,3373,141
market_xlb_ma_distance_63d,0.058872767857142856,3373,141
market_xlb_volume_zscore_63d,0.058872767857142856,3373,141
market_gld_volume_zscore_63d,0.058872767857142856,3373,141
market_gld_drawdown_63d,0.058872767857142856,3373,127
market_gld_ma_distance_63d,0.058872767857142856,3373,141
market_vnq_downside_rv_63d,0.058872767857142856,3373,141
market_iyr_drawdown_63d,0.058872767857142856,3373,123
market_vnq_volume_zscore_63d,0.058872767857142856,3373,141
market_xlb_return_63d,0.058872767857142856,3373,141
market_xlb_drawdown_63d,0.058872767857142856,3373,130
market_iyr_downside_rv_63d,0.058872767857142856,3373,141
market_iyr_rv_63d,0.058872767857142856,3373,141
market_iyr_ma_distance_63d,0.058872767857142856,3373,141
market_vnq_rv_63d,0.058872767857142856,3373,141
market_vnq_drawdown_63d,0.058872767857142856,3373,124
market_vnq_return_63d,0.058872767857142856,3373,141
market_vnq_ma_distance_63d,0.058872767857142856,3373,141
market_spy_return_63d,0.058872767857142856,3373,141
market_spy_downside_rv_63d,0.058872767857142856,3373,141
market_spy_rv_63d,0.058872767857142856,3373,141
market_dbc_downside_rv_63d,0.058872767857142856,3373,141
market_gld_return_63d,0.058872767857142856,3373,141
market_lqd_volume_zscore_63d,0.058872767857142856,3373,141
market_xlf_drawdown_63d,0.058872767857142856,3373,132
market_xlf_volume_zscore_63d,0.058872767857142856,3373,141
market_xlf_rv_63d,0.058872767857142856,3373,141
market_xlf_ma_distance_63d,0.058872767857142856,3373,141
market_xlf_downside_rv_63d,0.058872767857142856,3373,141
market_xle_rv_63d,0.058872767857142856,3373,141
market_lqd_drawdown_63d,0.058872767857142856,3373,107
market_lqd_ma_distance_63d,0.058872767857142856,3373,141
market_iyr_volume_zscore_63d,0.058872767857142856,3373,141
market_iyr_return_63d,0.058872767857142856,3373,141
market_xly_downside_rv_63d,0.058872767857142856,3373,141
market_xly_return_63d,0.058872767857142856,3373,141
market_xlv_volume_zscore_63d,0.058872767857142856,3373,141
market_xlv_ma_distance_63d,0.058872767857142856,3373,141
market_efa_rv_63d,0.058872767857142856,3373,141
market_efa_downside_rv_63d,0.058872767857142856,3373,141
market_iwm_volume_zscore_63d,0.058872767857142856,3373,141
market_xly_drawdown_63d,0.058872767857142856,3373,127
market_iwm_rv_63d,0.058872767857142856,3373,141
market_dia_return_63d,0.058872767857142856,3373,141
market_eem_volume_zscore_63d,0.058872767857142856,3373,141
market_xlu_downside_rv_63d,0.058872767857142856,3373,141
market_xlu_return_63d,0.058872767857142856,3373,141
market_xlu_rv_63d,0.058872767857142856,3373,141
market_xlu_drawdown_63d,0.058872767857142856,3373,122
market_tlt_rv_63d,0.058872767857142856,3373,141
market_tlt_return_63d,0.058872767857142856,3373,141
market_tlt_downside_rv_63d,0.058872767857142856,3373,141
market_tlt_volume_zscore_63d,0.058872767857142856,3373,141
market_tlt_ma_distance_63d,0.058872767857142856,3373,141
market_lqd_return_63d,0.058872767857142856,3373,141
market_lqd_rv_63d,0.058872767857142856,3373,141
market_xlk_volume_zscore_63d,0.058872767857142856,3373,141
market_lqd_downside_rv_63d,0.058872767857142856,3373,141
market_xlp_return_63d,0.058872767857142856,3373,141
market_xlp_ma_distance_63d,0.058872767857142856,3373,141
market_xlp_rv_63d,0.058872767857142856,3373,141
market_xlp_downside_rv_63d,0.058872767857142856,3373,141
market_xlp_volume_zscore_63d,0.058872767857142856,3373,141
market_xlp_drawdown_63d,0.058872767857142856,3373,123
market_tlt_drawdown_63d,0.058872767857142856,3373,122
market_shy_downside_rv_63d,0.058872767857142856,3373,141
market_shy_drawdown_63d,0.058872767857142856,3373,110
market_shy_ma_distance_63d,0.058872767857142856,3373,141
market_shy_rv_63d,0.058872767857142856,3373,141
market_shy_volume_zscore_63d,0.058872767857142856,3373,141
market_xlk_rv_63d,0.058872767857142856,3373,141
market_xlk_downside_rv_63d,0.058872767857142856,3373,141
market_xlk_drawdown_63d,0.058872767857142856,3373,124
market_xlk_ma_distance_63d,0.058872767857142856,3373,141
market_ief_ma_distance_63d,0.058872767857142856,3373,141
market_ief_volume_zscore_63d,0.058872767857142856,3373,141
market_shy_return_63d,0.058872767857142856,3373,141
market_xlk_return_63d,0.058872767857142856,3373,141
market_xli_downside_rv_63d,0.058872767857142856,3373,141
market_xli_drawdown_63d,0.058872767857142856,3373,133
market_xli_ma_distance_63d,0.058872767857142856,3373,141
market_xli_volume_zscore_63d,0.058872767857142856,3373,141
market_xli_return_63d,0.058872767857142856,3373,141
market_xli_rv_63d,0.058872767857142856,3373,141
market_gld_downside_rv_63d,0.058872767857142856,3373,141
market_gld_rv_63d,0.058872767857142856,3373,141
market_xly_volume_zscore_63d,0.058872767857142856,3373,141
market_spy_volume_zscore_63d,0.058872767857142856,3373,141
market_xly_ma_distance_63d,0.058872767857142856,3373,141
market_iwm_downside_rv_63d,0.058872767857142856,3373,141
market_iwm_drawdown_63d,0.058872767857142856,3373,131
market_iwm_ma_distance_63d,0.058872767857142856,3373,141
market_dia_ma_distance_63d,0.058872767857142856,3373,141
market_dia_drawdown_63d,0.058872767857142856,3373,127
market_iwm_return_63d,0.058872767857142856,3373,141
market_dia_volume_zscore_63d,0.058872767857142856,3373,141
market_eem_ma_distance_63d,0.058872767857142856,3373,141
market_eem_rv_63d,0.058872767857142856,3373,141
market_eem_return_63d,0.058872767857142856,3373,141
market_efa_volume_zscore_63d,0.058872767857142856,3373,141
market_efa_ma_distance_63d,0.058872767857142856,3373,141
market_efa_drawdown_63d,0.058872767857142856,3373,126
market_eem_downside_rv_63d,0.058872767857142856,3373,141
market_eem_drawdown_63d,0.058872767857142856,3373,132
market_dia_rv_63d,0.058872767857142856,3373,141
market_dia_downside_rv_63d,0.058872767857142856,3373,141
market_xly_rv_63d,0.058872767857142856,3373,141
market_efa_return_63d,0.058872767857142856,3373,141
market_xlv_rv_63d,0.058872767857142856,3373,141
market_xlv_drawdown_63d,0.058872767857142856,3373,130
market_xlu_volume_zscore_63d,0.058872767857142856,3373,141
market_xlv_return_63d,0.058872767857142856,3373,141
market_xlv_downside_rv_63d,0.058872767857142856,3373,141
market_xlu_ma_distance_63d,0.058872767857142856,3373,141
market_ief_rv_63d,0.058872767857142856,3373,141
market_ief_downside_rv_63d,0.058872767857142856,3373,141
market_ief_drawdown_63d,0.058872767857142856,3373,120
market_ief_return_63d,0.058872767857142856,3373,141
market_hyg_downside_rv_63d,0.05580357142857143,3384,130
market_dbc_return_21d,0.052455357142857144,3396,142
market_dbc_rv_21d,0.052455357142857144,3396,142
market_iyr_rv_21d,0.04631696428571429,3418,143
market_spy_rv_21d,0.04631696428571429,3418,143
market_qqq_rv_21d,0.04631696428571429,3418,143
market_spy_return_21d,0.04631696428571429,3418,143
market_qqq_downside_rv_21d,0.04631696428571429,3418,143
market_qqq_return_21d,0.04631696428571429,3418,143
market_vnq_return_21d,0.04631696428571429,3418,143
market_iyr_downside_rv_21d,0.04631696428571429,3418,143
market_vnq_rv_21d,0.04631696428571429,3418,143
market_xlb_downside_rv_21d,0.04631696428571429,3418,143
market_xlb_rv_21d,0.04631696428571429,3418,143
market_xlb_return_21d,0.04631696428571429,3418,143
market_xle_return_21d,0.04631696428571429,3418,143
market_vnq_downside_rv_21d,0.04631696428571429,3418,143
market_iyr_return_21d,0.04631696428571429,3418,143
market_dia_return_21d,0.04631696428571429,3418,143
market_spy_downside_rv_21d,0.04631696428571429,3418,143
market_xli_rv_21d,0.04631696428571429,3418,143
market_xli_return_21d,0.04631696428571429,3418,143
market_xlk_return_21d,0.04631696428571429,3418,143
market_gld_downside_rv_21d,0.04631696428571429,3418,143
market_xle_downside_rv_21d,0.04631696428571429,3418,143
market_dbc_downside_rv_21d,0.04631696428571429,3418,143
market_gld_return_21d,0.04631696428571429,3418,143
market_gld_rv_21d,0.04631696428571429,3418,143
market_xlf_rv_21d,0.04631696428571429,3418,143
market_xle_rv_21d,0.04631696428571429,3418,143
market_xlf_return_21d,0.04631696428571429,3418,143
market_xlf_downside_rv_21d,0.04631696428571429,3418,143
market_tlt_rv_21d,0.04631696428571429,3418,143
market_tlt_downside_rv_21d,0.04631696428571429,3418,143
market_xlu_downside_rv_21d,0.04631696428571429,3418,143
market_tlt_return_21d,0.04631696428571429,3418,143
market_xlu_rv_21d,0.04631696428571429,3418,143
market_xlp_downside_rv_21d,0.04631696428571429,3418,143
market_xlp_rv_21d,0.04631696428571429,3418,143
market_xlu_return_21d,0.04631696428571429,3418,143
market_xlp_return_21d,0.04631696428571429,3418,143
market_lqd_downside_rv_21d,0.04631696428571429,3418,143
market_ief_downside_rv_21d,0.04631696428571429,3418,143
market_ief_return_21d,0.04631696428571429,3418,143
market_ief_rv_21d,0.04631696428571429,3418,143
market_xlv_return_21d,0.04631696428571429,3418,143
market_xlv_rv_21d,0.04631696428571429,3418,143
market_xlv_downside_rv_21d,0.04631696428571429,3418,143
market_efa_rv_21d,0.04631696428571429,3418,143
market_efa_downside_rv_21d,0.04631696428571429,3418,143
market_efa_return_21d,0.04631696428571429,3418,143
market_xly_rv_21d,0.04631696428571429,3418,143
market_xly_downside_rv_21d,0.04631696428571429,3418,143
market_xly_return_21d,0.04631696428571429,3418,143
market_eem_return_21d,0.04631696428571429,3418,143
market_eem_downside_rv_21d,0.04631696428571429,3418,143
market_xlk_downside_rv_21d,0.04631696428571429,3418,143
market_xlk_rv_21d,0.04631696428571429,3418,143
market_lqd_rv_21d,0.04631696428571429,3418,143
market_xli_downside_rv_21d,0.04631696428571429,3418,143
market_shy_return_21d,0.04631696428571429,3418,143
market_shy_downside_rv_21d,0.04631696428571429,3418,143
market_shy_rv_21d,0.04631696428571429,3418,143
market_lqd_return_21d,0.04631696428571429,3418,143
market_dia_rv_21d,0.04631696428571429,3418,143
market_dia_downside_rv_21d,0.04631696428571429,3418,143
market_eem_rv_21d,0.04631696428571429,3418,143
market_iwm_return_21d,0.04631696428571429,3418,143
market_iwm_downside_rv_21d,0.04631696428571429,3418,143
market_iwm_rv_21d,0.04631696428571429,3418,143
market_slv_downside_rv_21d,0.04603794642857143,3419,141
asset_rv_126d,0.042689732142857144,3431,3431
asset_ma_distance_126d,0.042689732142857144,3431,3431
asset_drawdown_126d,0.042689732142857144,3431,3070
market_hyg_downside_rv_21d,0.042689732142857144,3431,130
asset_return_126d,0.042689732142857144,3431,3431
asset_beta_to_spy_126d,0.041015625,3437,3294
asset_return_63d,0.021763392857142856,3506,3506
asset_rv_63d,0.021763392857142856,3506,3506
asset_volume_zscore_63d,0.021763392857142856,3506,3506
asset_downside_rv_63d,0.01953125,3514,3513
asset_rv_21d,0.0078125,3556,3556
asset_return_21d,0.0078125,3556,3553
asset_month_return,0.0078125,3556,3556
market_treasury_2y_yield_change_21d,0.006417410714285714,3561,97
market_treasury_10y_yield_change_21d,0.006417410714285714,3561,104
market_t_bill_3m_change_21d,0.006417410714285714,3561,81
market_fed_funds_rate_change_21d,0.006417410714285714,3561,73
market_vix_change_21d,0.006417410714285714,3561,137
market_yield_curve_10y_2y_change_21d,0.006417410714285714,3561,101
market_fed_funds_rate,0.0,3584,60
market_treasury_2y_yield,0.0,3584,95
market_t_bill_3m,0.0,3584,76
market_yield_curve_10y_2y,0.0,3584,107
market_treasury_10y_yield,0.0,3584,120
market_vix_close,0.0,3584,141
