CAGR,Annualized Volatility,Sharpe,Sortino,Max Drawdown,Average Weight,Annualized Turnover,Total Transaction Cost,Final Equity,Model,Threshold Source,Risk Action Rate in Holdout,Calibration Score Threshold,Target Action Rate,High-Risk Weight
-0.0020900835350046165,0.07061178368920919,0.005793522066206182,0.004412355076746635,-0.07284509783383364,0.38,30.744,0.0061,0.9958572738951175,Rule[VIX close],calibration_window_score_quantile,0.62,17.309,0.3,0.0
-0.00015605624180603517,0.0863319841646086,0.04147298585525258,0.04666023532488819,-0.0917225866592658,0.535,23.058,0.004575,0.999690388376383,Rule[VIX close],calibration_window_score_quantile,0.62,17.309,0.3,0.25
-0.04423380739575766,0.07433567841153643,-0.5713674195630484,-0.471742027142602,-0.11723725706984656,0.336,23.688,0.0047,0.9141452511202058,XGBoost[Raw all-history incumbent] Calibrated,calibration_window_score_quantile,0.664,0.21468103179413217,0.2,0.0
-0.04423380739575766,0.07433567841153643,-0.5713674195630484,-0.471742027142602,-0.11723725706984656,0.336,23.688,0.0047,0.9141452511202058,XGBoost[Raw all-history incumbent] Calibration Base,calibration_window_score_quantile,0.664,0.030415195971727354,0.2,0.0
-0.028936462780968952,0.09793732976521333,-0.250697594682043,-0.28772158447929835,-0.11873494968204579,0.6085,18.522,0.0036750000000000003,0.9434039976585066,TabICL[Direct all-history] Calibration Base,calibration_window_score_quantile,0.522,0.11132839396595953,0.3,0.25
-0.040664255251097514,0.11782935162650808,-0.2931823657601272,-0.3425744338286397,-0.1193925691460519,0.745,12.474,0.0024749999999999998,0.920931723839584,TabPFN[Direct all-history] Calibration Base,calibration_window_score_quantile,0.34,0.09237830936908722,0.1,0.25
-0.03340944213148789,0.07858316231554038,-0.39305333995453573,-0.4511418256036075,-0.11999167645163789,0.4345,14.741999999999999,0.002925,0.9348013740999038,XGBoost[Raw all-history incumbent] Calibrated,calibration_window_score_quantile,0.754,0.2056676796653004,0.3,0.25
-0.03340944213148789,0.07858316231554038,-0.39305333995453573,-0.4511418256036075,-0.11999167645163789,0.4345,14.741999999999999,0.002925,0.9348013740999038,XGBoost[Raw all-history incumbent] Calibration Base,calibration_window_score_quantile,0.754,0.019777363911271086,0.3,0.25
-0.04625929158636999,0.06015857053706217,-0.757132382418746,-0.5357116262495953,-0.12271638956617392,0.246,19.656,0.0039000000000000003,0.910305449890433,XGBoost[Raw all-history incumbent] Calibrated,calibration_window_score_quantile,0.754,0.2056676796653004,0.3,0.0
-0.04625929158636999,0.06015857053706217,-0.757132382418746,-0.5357116262495953,-0.12271638956617392,0.246,19.656,0.0039000000000000003,0.910305449890433,XGBoost[Raw all-history incumbent] Calibration Base,calibration_window_score_quantile,0.754,0.019777363911271086,0.3,0.0
-0.03204225384452597,0.08921846319322356,-0.32034974130624205,-0.3760221547423193,-0.12561593261833037,0.502,17.766,0.003525,0.9374266608472224,XGBoost[Raw all-history incumbent] Calibrated,calibration_window_score_quantile,0.664,0.21468103179413217,0.2,0.25
-0.03204225384452597,0.08921846319322356,-0.32034974130624205,-0.3760221547423193,-0.12561593261833037,0.502,17.766,0.003525,0.9374266608472224,XGBoost[Raw all-history incumbent] Calibration Base,calibration_window_score_quantile,0.664,0.030415195971727354,0.2,0.25
-0.05419189605962882,0.08502959070214533,-0.612596322303273,-0.7010117432813925,-0.12641573676357065,0.499,23.058,0.004575,0.8953444390553794,TabPFN[Direct all-history] Calibration Base,calibration_window_score_quantile,0.668,0.04030563347041606,0.3,0.25
-0.05775966469940719,0.09816913327864037,-0.5567654067352747,-0.6434464257025394,-0.13277574409862192,0.6295,23.058,0.004575000000000001,0.8886556673552302,Rule[VIX close],calibration_window_score_quantile,0.494,18.948,0.2,0.25
-0.05481313259425802,0.10880533410431509,-0.46344682565525286,-0.4632444841165489,-0.13281451747462147,0.66,16.631999999999998,0.0033,0.8941779701309255,TabPFN[Direct all-history] Calibration Base,calibration_window_score_quantile,0.34,0.09237830936908722,0.1,0.0
-0.03992898160124969,0.08522319579665259,-0.4353475162799202,-0.3803338410297913,-0.13448817034261817,0.478,24.695999999999998,0.004900000000000001,0.9223327267261662,TabICL[Direct all-history] Calibration Base,calibration_window_score_quantile,0.522,0.11132839396595953,0.3,0.0
-0.029917626865142544,0.11255508346083254,-0.21348313697316584,-0.26140080984549197,-0.14029132055898463,0.709,19.278,0.0038250000000000003,0.9415136347248558,Rule[VIX close],calibration_window_score_quantile,0.388,21.181,0.1,0.25
-0.036933790627804775,0.1136216729466162,-0.27426223655140264,-0.3293139163453896,-0.14331586874333224,0.7135,11.718,0.002325,0.9280507301705281,Rule[SPY realized volatility 20d],calibration_window_score_quantile,0.382,0.15958542378824708,0.3,0.25
-0.05003788384436336,0.10394488398477764,-0.4417182104701501,-0.4467701543600096,-0.14485878385950168,0.618,15.623999999999999,0.0031,0.9031636312056892,Rule[SPY realized volatility 20d],calibration_window_score_quantile,0.382,0.15958542378824708,0.3,0.0
-0.037026493379341274,0.12114746527132171,-0.2506122629049316,-0.29403717282927544,-0.14584821262282122,0.666,15.372,0.0030500000000000006,0.9278734920692076,TabPFN[Direct all-history] Calibration Base,calibration_window_score_quantile,0.668,0.04030563347041606,0.3,0.5
-0.0007048672633559461,0.1218647170482637,0.05540405420723851,0.06428577746679043,-0.14765253625065888,0.69,15.372,0.00305,0.9986019389153331,Rule[VIX close],calibration_window_score_quantile,0.62,17.309,0.3,0.5
-0.022901663204859313,0.11760370034239698,-0.1379782008878099,-0.16086838697279177,-0.14874198504290936,0.623,9.828,0.0019500000000000001,0.9550723189506646,XGBoost[Raw all-history incumbent] Calibrated,calibration_window_score_quantile,0.754,0.2056676796653004,0.3,0.5
-0.022901663204859313,0.11760370034239698,-0.1379782008878099,-0.16086838697279177,-0.14874198504290936,0.623,9.828,0.0019500000000000001,0.9550723189506646,XGBoost[Raw all-history incumbent] Calibration Base,calibration_window_score_quantile,0.754,0.019777363911271086,0.3,0.5
-0.020115632070160983,0.12870069983194,-0.09326755332027405,-0.10982848639323678,-0.14887259131350372,0.739,12.347999999999999,0.0024500000000000004,0.9604831292447005,TabICL[Direct all-history] Calibration Base,calibration_window_score_quantile,0.522,0.11132839396595953,0.3,0.5
-0.02830220119438076,0.1414170441669962,-0.1319889659455575,-0.1571157781436215,-0.1493903149094532,0.83,8.315999999999999,0.00165,0.9446270005856252,TabPFN[Direct all-history] Calibration Base,calibration_window_score_quantile,0.34,0.09237830936908722,0.1,0.5
-0.022096511532779473,0.12351823737018512,-0.11892364046523227,-0.14094746324236895,-0.1494821522455465,0.668,11.844,0.00235,0.9566344634516815,XGBoost[Raw all-history incumbent] Calibrated,calibration_window_score_quantile,0.664,0.21468103179413217,0.2,0.5
-0.022096511532779473,0.12351823737018512,-0.11892364046523227,-0.14094746324236895,-0.1494821522455465,0.668,11.844,0.00235,0.9566344634516815,XGBoost[Raw all-history incumbent] Calibration Base,calibration_window_score_quantile,0.664,0.030415195971727354,0.2,0.5
-0.040829586069779156,0.10268860903503083,-0.35449877084994263,-0.367781605122845,-0.15074802244180108,0.612,25.704,0.0051,0.9206168451593921,Rule[VIX close],calibration_window_score_quantile,0.388,21.181,0.1,0.0
-0.06770027054384598,0.13398157594851887,-0.45563867553566867,-0.489143155463097,-0.1507710495621799,0.772,17.766,0.0035250000000000004,0.8701504747936196,XGBoost[Raw + TabICL embeddings] Calibrated,calibration_window_score_quantile,0.304,0.203262265189367,0.3,0.25
-0.06770027054384598,0.13398157594851887,-0.45563867553566867,-0.489143155463097,-0.1507710495621799,0.772,17.766,0.0035250000000000004,0.8701504747936196,XGBoost[Raw + TabICL embeddings] Calibration Base,calibration_window_score_quantile,0.304,0.0151239807717502,0.3,0.25
-0.0675226486188798,0.1086834849532289,-0.5886163941800019,-0.6677390195349825,-0.1511989097716444,0.688,15.12,0.003,0.8704794366558889,TabICL[Direct all-history] Calibration Base,calibration_window_score_quantile,0.416,0.1403885930776596,0.2,0.25
-0.048298783259295375,0.13385263566582453,-0.3025868521298225,-0.3566368676486604,-0.1517329324270661,0.779,10.331999999999999,0.00205,0.906447194272644,TabPFN[Direct all-history] Calibration Base,calibration_window_score_quantile,0.442,0.05868567004799843,0.2,0.5
-0.03960549860354945,0.12885143472973629,-0.24891676523337872,-0.29478171177106155,-0.1558517669777082,0.753,15.372,0.00305,0.9229494313134857,Rule[VIX close],calibration_window_score_quantile,0.494,18.948,0.2,0.5
-0.0703686742843791,0.10618839171093493,-0.633782321726183,-0.7251454677734273,-0.15859091188655916,0.6685,15.498,0.0030750000000000005,0.8652159229129912,TabPFN[Direct all-history] Calibration Base,calibration_window_score_quantile,0.442,0.05868567004799843,0.2,0.25
-0.04691432064283685,0.1524992607309532,-0.23825223206248106,-0.2673786321133444,-0.16011920545242175,0.848,11.844,0.00235,0.9090653974342474,XGBoost[Raw + TabICL embeddings] Calibrated,calibration_window_score_quantile,0.304,0.203262265189367,0.3,0.5
-0.04691432064283685,0.1524992607309532,-0.23825223206248106,-0.2673786321133444,-0.16011920545242175,0.848,11.844,0.00235,0.9090653974342474,XGBoost[Raw + TabICL embeddings] Calibration Base,calibration_window_score_quantile,0.304,0.0151239807717502,0.3,0.5
-0.02097619327768563,0.13793280904290622,-0.0844921451005626,-0.10321863039838443,-0.16144493952006278,0.806,12.852,0.00255,0.9588101967339474,Rule[VIX close],calibration_window_score_quantile,0.388,21.181,0.1,0.5
-0.04639275822064781,0.13544750682219323,-0.28264640888836634,-0.33145071396557013,-0.16327572271391855,0.792,10.08,0.002,0.9100527127375759,TabICL[Direct all-history] Calibration Base,calibration_window_score_quantile,0.416,0.1403885930776596,0.2,0.5
-0.025718199046425694,0.13862653390923238,-0.11837503024899469,-0.143114114188307,-0.16518992504195662,0.809,7.811999999999999,0.00155,0.9496176765945422,Rule[SPY realized volatility 20d],calibration_window_score_quantile,0.382,0.15958542378824708,0.3,0.5
-0.07773052614861431,0.08547848086783065,-0.9036317880788017,-0.8196986885404889,-0.1674204212758642,0.506,30.744,0.0061,0.8516741789851,Rule[VIX close],calibration_window_score_quantile,0.494,18.948,0.2,0.0
-0.0446981979737624,0.14277373960876974,-0.24831667449918418,-0.2698022397996554,-0.1687384462509156,0.82,7.56,0.0015,0.9132641767661976,XGBoost[Raw] Calibrated,calibration_window_score_quantile,0.24,0.2116533573802619,0.2,0.25
-0.0446981979737624,0.14277373960876974,-0.24831667449918418,-0.2698022397996554,-0.1687384462509156,0.82,7.56,0.0015,0.9132641767661976,XGBoost[Raw] Calibration Base,calibration_window_score_quantile,0.24,0.02195099741220474,0.2,0.25
-0.059277266638785076,0.1370168682446786,-0.3768560536572496,-0.3652111842948615,-0.17122036651915484,0.76,10.08,0.002,0.8858180434917948,XGBoost[Raw] Calibrated,calibration_window_score_quantile,0.24,0.2116533573802619,0.2,0.0
-0.059277266638785076,0.1370168682446786,-0.3768560536572496,-0.3652111842948615,-0.17122036651915484,0.76,10.08,0.002,0.8858180434917948,XGBoost[Raw] Calibration Base,calibration_window_score_quantile,0.24,0.02195099741220474,0.2,0.0
-0.05370898853048456,0.14602573772669114,-0.3046086803555275,-0.3552203877117089,-0.173741551062375,0.844,9.072,0.0018000000000000002,0.8962516946320963,TabICL[Direct all-history] Calibration Base,calibration_window_score_quantile,0.312,0.1955943048000336,0.1,0.5
-0.07337093793138716,0.06884387154096765,-1.0722318055777011,-0.8505360974876532,-0.17432044548735248,0.332,30.744,0.006100000000000001,0.8596806207409484,TabPFN[Direct all-history] Calibration Base,calibration_window_score_quantile,0.668,0.04030563347041606,0.3,0.0
-0.02817585563099423,0.11808496333305568,-0.18285983067416395,-0.21443172856687417,-0.17445761765929968,0.664,18.9,0.00375,0.9448707178987428,XGBoost[Raw all-history incumbent] Calibrated,calibration_window_score_quantile,0.448,0.25665575301120075,0.1,0.25
-0.02817585563099423,0.11808496333305568,-0.18285983067416395,-0.21443172856687417,-0.17445761765929968,0.664,18.9,0.00375,0.9448707178987428,XGBoost[Raw all-history incumbent] Calibration Base,calibration_window_score_quantile,0.448,0.07616231963038446,0.1,0.25
-0.06515343754781844,0.13666940855247695,-0.42399269453608635,-0.4494766289627171,-0.1751960095971895,0.7735,15.498,0.0030750000000000005,0.8748731939002802,XGBoost[Raw] Calibrated,calibration_window_score_quantile,0.302,0.20644496485130184,0.3,0.25
-0.06515343754781844,0.13666940855247695,-0.42399269453608635,-0.4494766289627171,-0.1751960095971895,0.7735,15.498,0.0030750000000000005,0.8748731939002802,XGBoost[Raw] Calibration Base,calibration_window_score_quantile,0.302,0.01270207641646266,0.3,0.25
-0.07788468769609247,0.12462875539984566,-0.5878925340388845,-0.6657863042605646,-0.17539036497637228,0.766,13.607999999999999,0.0027,0.8513917394756552,TabICL[Direct all-history] Calibration Base,calibration_window_score_quantile,0.312,0.1955943048000336,0.1,0.25
-0.04904879933280126,0.14922554051552359,-0.2618774519060418,-0.2773547242640628,-0.1758078988085655,0.844,12.096,0.0024000000000000002,0.9050303782077522,XGBoost[Raw + TabICL embeddings] Calibrated,calibration_window_score_quantile,0.156,0.23703749737686056,0.1,0.0
-0.04904879933280126,0.14922554051552359,-0.2618774519060418,-0.2773547242640628,-0.1758078988085655,0.844,12.096,0.0024000000000000002,0.9050303782077522,XGBoost[Raw + TabICL embeddings] Calibration Base,calibration_window_score_quantile,0.156,0.050171380117535636,0.1,0.0
-0.03836870918472368,0.10912212825181825,-0.30383844549872774,-0.2954237797555769,-0.17973126993470678,0.552,25.2,0.005000000000000001,0.925309195356115,XGBoost[Raw all-history incumbent] Calibrated,calibration_window_score_quantile,0.448,0.25665575301120075,0.1,0.0
-0.03836870918472368,0.10912212825181825,-0.30383844549872774,-0.2954237797555769,-0.17973126993470678,0.552,25.2,0.005000000000000001,0.925309195356115,XGBoost[Raw all-history incumbent] Calibration Base,calibration_window_score_quantile,0.448,0.07616231963038446,0.1,0.0
-0.07677015293358513,0.14474487076532627,-0.4788315013965757,-0.5216631317307032,-0.18077414215333898,0.8275,11.718,0.002325,0.8534347259714272,XGBoost[Raw + TabICL embeddings] Calibrated,calibration_window_score_quantile,0.23,0.2104226316721815,0.2,0.25
-0.07677015293358513,0.14474487076532627,-0.4788315013965757,-0.5216631317307032,-0.18077414215333898,0.8275,11.718,0.002325,0.8534347259714272,XGBoost[Raw + TabICL embeddings] Calibration Base,calibration_window_score_quantile,0.23,0.022888015955686566,0.2,0.25
-0.031460310965689575,0.15874103379440177,-0.12139623724964714,-0.13672583439231606,-0.18244178175912784,0.88,5.04,0.001,0.9385452205817965,XGBoost[Raw] Calibrated,calibration_window_score_quantile,0.24,0.2116533573802619,0.2,0.5
-0.031460310965689575,0.15874103379440177,-0.12139623724964714,-0.13672583439231606,-0.18244178175912784,0.88,5.04,0.001,0.9385452205817965,XGBoost[Raw] Calibration Base,calibration_window_score_quantile,0.24,0.02195099741220474,0.2,0.5
-0.08624574666308649,0.13018451915646134,-0.627012163478026,-0.5823000840270333,-0.1826033521797833,0.698,20.663999999999998,0.0041,0.8361430387282149,XGBoost[Raw] Calibrated,calibration_window_score_quantile,0.302,0.20644496485130184,0.3,0.0
-0.08624574666308649,0.13018451915646134,-0.627012163478026,-0.5823000840270333,-0.1826033521797833,0.698,20.663999999999998,0.0041,0.8361430387282149,XGBoost[Raw] Calibration Base,calibration_window_score_quantile,0.302,0.01270207641646266,0.3,0.0
-0.037233070515347966,0.15381291786742726,-0.16926716318884896,-0.1920507442906558,-0.18293783305642264,0.883,9.072,0.0018,0.927478598283999,XGBoost[Raw + TabICL embeddings] Calibrated,calibration_window_score_quantile,0.156,0.23703749737686056,0.1,0.25
-0.037233070515347966,0.15381291786742726,-0.16926716318884896,-0.1920507442906558,-0.18293783305642264,0.883,9.072,0.0018,0.927478598283999,XGBoost[Raw + TabICL embeddings] Calibration Base,calibration_window_score_quantile,0.156,0.050171380117535636,0.1,0.25
-0.05493236646199029,0.14494840345634397,-0.31678326833269593,-0.3304483837272459,-0.18300032834373292,0.816,11.088,0.0022,0.893954176138661,XGBoost[Raw] Calibrated,calibration_window_score_quantile,0.184,0.22539879206215618,0.1,0.0
-0.05493236646199029,0.14494840345634397,-0.31678326833269593,-0.3304483837272459,-0.18300032834373292,0.816,11.088,0.0022,0.893954176138661,XGBoost[Raw] Calibration Base,calibration_window_score_quantile,0.184,0.04558852352201947,0.1,0.0
-0.0775875122292291,0.143641133705591,-0.48978138552472283,-0.5282005886181852,-0.1834473883699006,0.8065,13.607999999999999,0.0027,0.8519362364621184,XGBoost[Raw + TabPFN embeddings] Calibrated,calibration_window_score_quantile,0.258,0.21798259990799068,0.3,0.25
-0.0775875122292291,0.143641133705591,-0.48978138552472283,-0.5282005886181852,-0.1834473883699006,0.8065,13.607999999999999,0.0027,0.8519362364621184,XGBoost[Raw + TabPFN embeddings] Calibration Base,calibration_window_score_quantile,0.258,0.006811182154342532,0.3,0.25
-0.019888586736727998,0.14157918134197536,-0.07084724525085115,-0.0844430605791757,-0.18579502120349245,0.776,12.6,0.0025000000000000005,0.9609247469410694,XGBoost[Raw all-history incumbent] Calibrated,calibration_window_score_quantile,0.448,0.25665575301120075,0.1,0.5
-0.019888586736727998,0.14157918134197536,-0.07084724525085115,-0.0844430605791757,-0.18579502120349245,0.776,12.6,0.0025000000000000005,0.9609247469410694,XGBoost[Raw all-history incumbent] Calibration Base,calibration_window_score_quantile,0.448,0.07616231963038446,0.1,0.5
-0.04522749185014341,0.15439269543662756,-0.22194304258430253,-0.2466396532780079,-0.1865869395210824,0.849,10.331999999999999,0.00205,0.9122604771931428,XGBoost[Raw] Calibrated,calibration_window_score_quantile,0.302,0.20644496485130184,0.3,0.5
-0.04522749185014341,0.15439269543662756,-0.22194304258430253,-0.2466396532780079,-0.1865869395210824,0.849,10.331999999999999,0.00205,0.9122604771931428,XGBoost[Raw] Calibration Base,calibration_window_score_quantile,0.302,0.01270207641646266,0.3,0.5
-0.06688346840409709,0.14576993720974585,-0.4013909804625082,-0.4391979027910116,-0.18702499293335184,0.8365,6.803999999999999,0.0013499999999999999,0.871663730494457,XGBoost[Raw + TabPFN embeddings] Calibrated,calibration_window_score_quantile,0.218,0.21924844571059257,0.2,0.25
-0.06688346840409709,0.14576993720974585,-0.4013909804625082,-0.4391979027910116,-0.18702499293335184,0.8365,6.803999999999999,0.0013499999999999999,0.871663730494457,XGBoost[Raw + TabPFN embeddings] Calibration Base,calibration_window_score_quantile,0.218,0.011605950258672237,0.2,0.25
-0.04158942106728114,0.1499274708994922,-0.20786247236745856,-0.23498158692646468,-0.18820349693179228,0.862,8.315999999999999,0.00165,0.9191703979874798,XGBoost[Raw] Calibrated,calibration_window_score_quantile,0.184,0.22539879206215618,0.1,0.25
-0.04158942106728114,0.1499274708994922,-0.20786247236745856,-0.23498158692646468,-0.18820349693179228,0.862,8.315999999999999,0.00165,0.9191703979874798,XGBoost[Raw] Calibration Base,calibration_window_score_quantile,0.184,0.04558852352201947,0.1,0.25
-0.08965397860970004,0.12716235035669446,-0.6744219977464956,-0.6356267512812963,-0.18864150656698242,0.696,23.688,0.0047,0.8299664037113152,XGBoost[Raw + TabICL embeddings] Calibrated,calibration_window_score_quantile,0.304,0.203262265189367,0.3,0.0
-0.08965397860970004,0.12716235035669446,-0.6744219977464956,-0.6356267512812963,-0.18864150656698242,0.696,23.688,0.0047,0.8299664037113152,XGBoost[Raw + TabICL embeddings] Calibration Base,calibration_window_score_quantile,0.304,0.0151239807717502,0.3,0.0
-0.05329778792725948,0.16017643066647713,-0.2612167495598407,-0.2942325386304325,-0.1903637393113895,0.885,7.811999999999999,0.0015500000000000002,0.8970245911179892,XGBoost[Raw + TabICL embeddings] Calibrated,calibration_window_score_quantile,0.23,0.2104226316721815,0.2,0.5
-0.05329778792725948,0.16017643066647713,-0.2612167495598407,-0.2942325386304325,-0.1903637393113895,0.885,7.811999999999999,0.0015500000000000002,0.8970245911179892,XGBoost[Raw + TabICL embeddings] Calibration Base,calibration_window_score_quantile,0.23,0.022888015955686566,0.2,0.5
-0.0901810300582806,0.09808002212987608,-0.9141720066627607,-0.8489306219545089,-0.19052681433138918,0.584,20.16,0.004,0.8290132723757991,TabICL[Direct all-history] Calibration Base,calibration_window_score_quantile,0.416,0.1403885930776596,0.2,0.0
-0.0881867093367148,0.14032307955126794,-0.5870677409025584,-0.5833594823910505,-0.1918783004579825,0.782,9.072,0.0018,0.8326227066179271,XGBoost[Raw + TabPFN embeddings] Calibrated,calibration_window_score_quantile,0.218,0.21924844571059257,0.2,0.0
-0.0881867093367148,0.14032307955126794,-0.5870677409025584,-0.5833594823910505,-0.1918783004579825,0.782,9.072,0.0018,0.8326227066179271,XGBoost[Raw + TabPFN embeddings] Calibration Base,calibration_window_score_quantile,0.218,0.011605950258672237,0.2,0.0
-0.026633242227899756,0.16678377190898708,-0.07789815567920065,-0.08986958244731563,-0.19188487958741807,0.922,6.048,0.0012000000000000001,0.9478488938276217,XGBoost[Raw + TabICL embeddings] Calibrated,calibration_window_score_quantile,0.156,0.23703749737686056,0.1,0.5
-0.026633242227899756,0.16678377190898708,-0.07789815567920065,-0.08986958244731563,-0.19188487958741807,0.922,6.048,0.0012000000000000001,0.9478488938276217,XGBoost[Raw + TabICL embeddings] Calibration Base,calibration_window_score_quantile,0.156,0.050171380117535636,0.1,0.5
-0.05383663273832995,0.15938045259086536,-0.2668896907645845,-0.2987925846437757,-0.19212273452508077,0.871,9.072,0.0018000000000000002,0.8960118405997017,XGBoost[Raw + TabPFN embeddings] Calibrated,calibration_window_score_quantile,0.258,0.21798259990799068,0.3,0.5
-0.05383663273832995,0.15938045259086536,-0.2668896907645845,-0.2987925846437757,-0.19212273452508077,0.871,9.072,0.0018000000000000002,0.8960118405997017,XGBoost[Raw + TabPFN embeddings] Calibration Base,calibration_window_score_quantile,0.258,0.006811182154342532,0.3,0.5
-0.014842980248805815,0.16304908590116032,-0.009605203003854281,-0.010946768593558361,-0.19424845725035822,0.8115,4.914,0.0009750000000000001,0.970764755564073,XGBoost[Raw all-history incumbent] Calibrated,calibration_window_score_quantile,0.754,0.2056676796653004,0.3,0.75
-0.014842980248805815,0.16304908590116032,-0.009605203003854281,-0.010946768593558361,-0.19424845725035822,0.8115,4.914,0.0009750000000000001,0.970764755564073,XGBoost[Raw all-history incumbent] Calibration Base,calibration_window_score_quantile,0.754,0.019777363911271086,0.3,0.75
-0.014495703602476429,0.16557854767551775,-0.004815631682524253,-0.005529868525818922,-0.19426911487241671,0.834,5.922,0.001175,0.971443848028457,XGBoost[Raw all-history incumbent] Calibrated,calibration_window_score_quantile,0.664,0.21468103179413217,0.2,0.75
-0.014495703602476429,0.16557854767551775,-0.004815631682524253,-0.005529868525818922,-0.19426911487241671,0.834,5.922,0.001175,0.971443848028457,XGBoost[Raw all-history incumbent] Calibration Base,calibration_window_score_quantile,0.664,0.030415195971727354,0.2,0.75
-0.022024511794037305,0.16455852997892423,-0.05246319521512496,-0.06002962743284369,-0.19426911487241683,0.833,7.686,0.0015250000000000003,0.9567742180624758,TabPFN[Direct all-history] Calibration Base,calibration_window_score_quantile,0.668,0.04030563347041606,0.3,0.75
-0.04656983095242895,0.16091288141168247,-0.21528619974105045,-0.2431069502763101,-0.19451020206800218,0.891,4.536,0.0009,0.909717455257987,XGBoost[Raw + TabPFN embeddings] Calibrated,calibration_window_score_quantile,0.218,0.21924844571059257,0.2,0.5
-0.04656983095242895,0.16091288141168247,-0.21528619974105045,-0.2431069502763101,-0.19451020206800218,0.891,4.536,0.0009,0.909717455257987,XGBoost[Raw + TabPFN embeddings] Calibration Base,calibration_window_score_quantile,0.218,0.011605950258672237,0.2,0.5
-0.029493946875935095,0.1639279765046045,-0.10011323824868584,-0.1154425488516946,-0.19530206565306407,0.908,5.544,0.0011,0.9423296884262914,XGBoost[Raw] Calibrated,calibration_window_score_quantile,0.184,0.22539879206215618,0.1,0.5
-0.029493946875935095,0.1639279765046045,-0.10011323824868584,-0.1154425488516946,-0.19530206565306407,0.908,5.544,0.0011,0.9423296884262914,XGBoost[Raw] Calibration Base,calibration_window_score_quantile,0.184,0.04558852352201947,0.1,0.5
-0.013553704869287087,0.16786733401370135,0.0032493173079906528,0.0037309373197699064,-0.2011202391582303,0.8695,6.1739999999999995,0.0012250000000000002,0.9732870935192597,TabICL[Direct all-history] Calibration Base,calibration_window_score_quantile,0.522,0.11132839396595953,0.3,0.75
-0.026944141847439984,0.17094289207014435,-0.07367736452649144,-0.08464892502110713,-0.2011202391582303,0.896,5.04,0.001,0.9472482956795747,TabICL[Direct all-history] Calibration Base,calibration_window_score_quantile,0.416,0.1403885930776596,0.2,0.75
-0.0037592923270038936,0.16486181277099038,0.060190734613922645,0.06860045145356244,-0.2011202391582304,0.845,7.686,0.001525,0.992554884503776,Rule[VIX close],calibration_window_score_quantile,0.62,17.309,0.3,0.75
-0.01358280278286439,0.17380867914603904,0.008814326429930172,0.010194836349373773,-0.2011202391582304,0.888,6.3,0.0012500000000000002,0.9732301305620012,XGBoost[Raw all-history incumbent] Calibrated,calibration_window_score_quantile,0.448,0.25665575301120075,0.1,0.75
-0.01358280278286439,0.17380867914603904,0.008814326429930172,0.010194836349373773,-0.2011202391582304,0.888,6.3,0.0012500000000000002,0.9732301305620012,XGBoost[Raw all-history incumbent] Calibration Base,calibration_window_score_quantile,0.448,0.07616231963038446,0.1,0.75
-0.014087853543857998,0.17209122411769004,0.00418460889928828,0.004878753425695149,-0.2011202391582304,0.903,6.426,0.001275,0.9722416913305981,Rule[VIX close],calibration_window_score_quantile,0.388,21.181,0.1,0.75
-0.016486517042479387,0.1724147120407889,-0.009614644405717408,-0.01117148935847333,-0.2011202391582304,0.9045,3.9059999999999997,0.000775,0.9675540478392123,Rule[SPY realized volatility 20d],calibration_window_score_quantile,0.382,0.15958542378824708,0.3,0.75
-0.017825564197630372,0.17373449156161314,-0.01603303271836894,-0.018537044759150873,-0.2011202391582304,0.915,4.1579999999999995,0.000825,0.9649420717348046,TabPFN[Direct all-history] Calibration Base,calibration_window_score_quantile,0.34,0.09237830936908722,0.1,0.75
-0.02341449402134621,0.16793781944865244,-0.056505361744209844,-0.06503712749002756,-0.2011202391582304,0.8765,7.686,0.001525,0.954077991598286,Rule[VIX close],calibration_window_score_quantile,0.494,18.948,0.2,0.75
-0.02789891402683775,0.17020776062052176,-0.0805120157971557,-0.09263939079052916,-0.2011202391582304,0.8895,5.1659999999999995,0.001025,0.9454050401577938,TabPFN[Direct all-history] Calibration Base,calibration_window_score_quantile,0.442,0.05868567004799843,0.2,0.75
-0.09394839340673844,0.09512634311195704,-0.9891960536284061,-0.9195351519146391,-0.2052557295420846,0.558,20.663999999999998,0.0041,0.8222161097893077,TabPFN[Direct all-history] Calibration Base,calibration_window_score_quantile,0.442,0.05868567004799843,0.2,0.0
-0.027416352956063483,0.17912327832460564,-0.06486812217468663,-0.07329839666947757,-0.2070057235433289,0.924,5.922,0.001175,0.94633643601518,XGBoost[Raw + TabICL embeddings] Calibrated,calibration_window_score_quantile,0.304,0.203262265189367,0.3,0.75
-0.027416352956063483,0.17912327832460564,-0.06486812217468663,-0.07329839666947757,-0.2070057235433289,0.924,5.922,0.001175,0.94633643601518,XGBoost[Raw + TabICL embeddings] Calibration Base,calibration_window_score_quantile,0.304,0.0151239807717502,0.3,0.75
-0.1010805371615432,0.13917389948442335,-0.6953605622875147,-0.6890943392649659,-0.20872320125713062,0.77,15.623999999999999,0.0031000000000000003,0.8094241501238918,XGBoost[Raw + TabICL embeddings] Calibrated,calibration_window_score_quantile,0.23,0.2104226316721815,0.2,0.0
-0.1010805371615432,0.13917389948442335,-0.6953605622875147,-0.6890943392649659,-0.20872320125713062,0.77,15.623999999999999,0.0031000000000000003,0.8094241501238918,XGBoost[Raw + TabICL embeddings] Calibration Base,calibration_window_score_quantile,0.23,0.022888015955686566,0.2,0.0
-0.03080684302261527,0.17595137320654652,-0.08918998142282203,-0.10237241315943944,-0.21040241282507444,0.922,4.536,0.0009000000000000001,0.9398020481242253,TabICL[Direct all-history] Calibration Base,calibration_window_score_quantile,0.312,0.1955943048000336,0.1,0.75
-0.017310924002979733,0.18639608512530947,0.0002745755702074046,0.0003136301678262624,-0.21617931567412063,0.961,3.024,0.0006000000000000001,0.9659455263677652,XGBoost[Raw + TabICL embeddings] Calibrated,calibration_window_score_quantile,0.156,0.23703749737686056,0.1,0.75
-0.017310924002979733,0.18639608512530947,0.0002745755702074046,0.0003136301678262624,-0.21617931567412063,0.961,3.024,0.0006000000000000001,0.9659455263677652,XGBoost[Raw + TabICL embeddings] Calibration Base,calibration_window_score_quantile,0.156,0.050171380117535636,0.1,0.75
-0.01871656477357475,0.18491199127225724,-0.008968733430869995,-0.010245321470984167,-0.21617931567412063,0.954,2.772,0.00055,0.9632060060324006,XGBoost[Raw] Calibrated,calibration_window_score_quantile,0.184,0.22539879206215618,0.1,0.75
-0.01871656477357475,0.18491199127225724,-0.008968733430869995,-0.010245321470984167,-0.21617931567412063,0.954,2.772,0.00055,0.9632060060324006,XGBoost[Raw] Calibration Base,calibration_window_score_quantile,0.184,0.04558852352201947,0.1,0.75
-0.01964375478728453,0.18225462257047878,-0.016943483410757243,-0.0191639707898976,-0.21617931567412063,0.94,2.52,0.0005,0.9614010735737127,XGBoost[Raw] Calibrated,calibration_window_score_quantile,0.24,0.2116533573802619,0.2,0.75
-0.01964375478728453,0.18225462257047878,-0.016943483410757243,-0.0191639707898976,-0.21617931567412063,0.94,2.52,0.0005,0.9614010735737127,XGBoost[Raw] Calibration Base,calibration_window_score_quantile,0.24,0.02195099741220474,0.2,0.75
-0.027349299159608154,0.18336523412299913,-0.058756543954246704,-0.06650351535773993,-0.21617931567412063,0.9455,2.268,0.00045,0.9464658932025192,XGBoost[Raw + TabPFN embeddings] Calibrated,calibration_window_score_quantile,0.218,0.21924844571059257,0.2,0.75
-0.027349299159608154,0.18336523412299913,-0.058756543954246704,-0.06650351535773993,-0.21617931567412063,0.9455,2.268,0.00045,0.9464658932025192,XGBoost[Raw + TabPFN embeddings] Calibration Base,calibration_window_score_quantile,0.218,0.011605950258672237,0.2,0.75
-0.02658092846866056,0.1800659338639854,-0.05878923423223136,-0.06613873998533183,-0.21617931567412063,0.9245,5.1659999999999995,0.001025,0.94794997248753,XGBoost[Raw] Calibrated,calibration_window_score_quantile,0.302,0.20644496485130184,0.3,0.75
-0.02658092846866056,0.1800659338639854,-0.05878923423223136,-0.06613873998533183,-0.21617931567412063,0.9245,5.1659999999999995,0.001025,0.94794997248753,XGBoost[Raw] Calibration Base,calibration_window_score_quantile,0.302,0.01270207641646266,0.3,0.75
-0.03077764897408941,0.18299073277695121,-0.07854566809726751,-0.08880826101315702,-0.21617931567412063,0.9425,3.9059999999999997,0.0007750000000000001,0.9398582170701851,XGBoost[Raw + TabICL embeddings] Calibrated,calibration_window_score_quantile,0.23,0.2104226316721815,0.2,0.75
-0.03077764897408941,0.18299073277695121,-0.07854566809726751,-0.08880826101315702,-0.21617931567412063,0.9425,3.9059999999999997,0.0007750000000000001,0.9398582170701851,XGBoost[Raw + TabICL embeddings] Calibration Base,calibration_window_score_quantile,0.23,0.022888015955686566,0.2,0.75
-0.031043275474239573,0.18258518226518214,-0.08062672854659153,-0.09093143883369469,-0.21617931567412063,0.9355,4.536,0.0009000000000000001,0.9393472167001932,XGBoost[Raw + TabPFN embeddings] Calibrated,calibration_window_score_quantile,0.258,0.21798259990799068,0.3,0.75
-0.031043275474239573,0.18258518226518214,-0.08062672854659153,-0.09093143883369469,-0.21617931567412063,0.9355,4.536,0.0009000000000000001,0.9393472167001932,XGBoost[Raw + TabPFN embeddings] Calibration Base,calibration_window_score_quantile,0.258,0.006811182154342532,0.3,0.75
-0.10217943360948112,0.13794668772857513,-0.7116409163559924,-0.6922562443043713,-0.2185529255797114,0.742,18.144,0.0036000000000000003,0.8074620539716214,XGBoost[Raw + TabPFN embeddings] Calibrated,calibration_window_score_quantile,0.258,0.21798259990799068,0.3,0.0
-0.10217943360948112,0.13794668772857513,-0.7116409163559924,-0.6922562443043713,-0.2185529255797114,0.742,18.144,0.0036000000000000003,0.8074620539716214,XGBoost[Raw + TabPFN embeddings] Calibration Base,calibration_window_score_quantile,0.258,0.006811182154342532,0.3,0.0
-0.10318676461900833,0.11655607026208376,-0.8755950861753162,-0.8672742652484089,-0.22029157433144908,0.688,18.144,0.0036000000000000003,0.8056655242536559,TabICL[Direct all-history] Calibration Base,calibration_window_score_quantile,0.312,0.1955943048000336,0.1,0.0
-0.06839201792978755,0.1689267020666912,-0.3338665583315835,-0.3597634963078357,-0.22744367352240602,0.904,5.04,0.001,0.8688699228414491,XGBoost[Raw + TabPFN embeddings] Calibrated,calibration_window_score_quantile,0.192,0.22409609011813159,0.1,0.5
-0.06839201792978755,0.1689267020666912,-0.3338665583315835,-0.3597634963078357,-0.22744367352240602,0.904,5.04,0.001,0.8688699228414491,XGBoost[Raw + TabPFN embeddings] Calibration Base,calibration_window_score_quantile,0.192,0.029786185361444992,0.1,0.5
-0.022537021544225544,0.18692642313510313,-0.027739380882026453,-0.031868376103756584,-0.23044409080267314,0.9615,2.016,0.0004000000000000001,0.9557796349408773,Rule[SPY realized volatility 20d],calibration_window_score_quantile,0.154,0.235530633346876,0.1,0.75
-0.024380889866570166,0.18321330976725247,-0.04238272577556129,-0.04866755607838294,-0.23137108628442793,0.949,2.772,0.00055,0.952205643483522,Rule[SPY realized volatility 20d],calibration_window_score_quantile,0.204,0.20790755674095868,0.2,0.75
-0.038662733786540615,0.18753165692120244,-0.11545908965082301,-0.1276310887591799,-0.23243472781913244,0.952,2.52,0.0005,0.9247479327864034,XGBoost[Raw + TabPFN embeddings] Calibrated,calibration_window_score_quantile,0.192,0.22409609011813159,0.1,0.75
-0.038662733786540615,0.18753165692120244,-0.11545908965082301,-0.1276310887591799,-0.23243472781913244,0.952,2.52,0.0005,0.9247479327864034,XGBoost[Raw + TabPFN embeddings] Calibration Base,calibration_window_score_quantile,0.192,0.029786185361444992,0.1,0.75
-0.09841141362696715,0.15666129262520676,-0.5818011414462447,-0.601587565475207,-0.23587417638701813,0.856,7.56,0.0015,0.814199746029844,XGBoost[Raw + TabPFN embeddings] Calibrated,calibration_window_score_quantile,0.192,0.22409609011813159,0.1,0.25
-0.09841141362696715,0.15666129262520676,-0.5818011414462447,-0.601587565475207,-0.23587417638701813,0.856,7.56,0.0015,0.814199746029844,XGBoost[Raw + TabPFN embeddings] Calibration Base,calibration_window_score_quantile,0.192,0.029786185361444992,0.1,0.25
-0.0369332537005177,0.1677960890834535,-0.13984208139973164,-0.16349931547266683,-0.24711573263169506,0.923,4.032,0.0008000000000000001,0.9280517567690388,Rule[SPY realized volatility 20d],calibration_window_score_quantile,0.154,0.235530633346876,0.1,0.5
-0.04075377271368208,0.16061779129042134,-0.17821604041662556,-0.20794830118298635,-0.24918278636011948,0.898,5.544,0.0011,0.9207612278795165,Rule[SPY realized volatility 20d],calibration_window_score_quantile,0.204,0.20790755674095868,0.2,0.5
-0.009325557253767491,0.21080425905671235,0.06211690366333234,0.06943225002783,-0.2521934711375551,1.0,0.0,0.0,0.9815818207644249,Buy and hold SPY,none,0.0,,0.0,1.0
-0.05243621867629866,0.15517910675508284,-0.2690097031809537,-0.3116833923129993,-0.2649933135685899,0.8845,6.048,0.0012,0.8986450762482033,Rule[SPY realized volatility 20d],calibration_window_score_quantile,0.154,0.235530633346876,0.1,0.25
-0.05834873784205785,0.14536612275862607,-0.3404111849660709,-0.39071170073063305,-0.2683884729651136,0.847,8.315999999999999,0.00165,0.8875536793014019,Rule[SPY realized volatility 20d],calibration_window_score_quantile,0.204,0.20790755674095868,0.2,0.25
-0.12862346586461915,0.1522751199481641,-0.8267434703260975,-0.7872660265459064,-0.27076005496106903,0.808,10.08,0.002,0.7609582573641875,XGBoost[Raw + TabPFN embeddings] Calibrated,calibration_window_score_quantile,0.192,0.22409609011813159,0.1,0.0
-0.12862346586461915,0.1522751199481641,-0.8267434703260975,-0.7872660265459064,-0.27076005496106903,0.808,10.08,0.002,0.7609582573641875,XGBoost[Raw + TabPFN embeddings] Calibration Base,calibration_window_score_quantile,0.192,0.029786185361444992,0.1,0.0
-0.06896744311610337,0.15072017333752308,-0.39825071335047507,-0.43550798661107065,-0.28394382356912473,0.846,8.064,0.0016000000000000003,0.8678054174220166,Rule[SPY realized volatility 20d],calibration_window_score_quantile,0.154,0.235530633346876,0.1,0.0
-0.07706937137929615,0.1398814540118132,-0.5028818288819833,-0.5327315525306996,-0.2888287011679579,0.796,11.088,0.0022,0.8528860081896554,Rule[SPY realized volatility 20d],calibration_window_score_quantile,0.204,0.20790755674095868,0.2,0.0
