month,Equal weight universe,SPY only,60/40 SPY/TLT,Inverse volatility universe,12M momentum top-k portfolio,Low volatility top-k portfolio,Rule[6M momentum top-k],Rule[6M momentum top-k] | inverse-vol capped top-k,Rule[Risk-adjusted momentum top-k],Rule[Risk-adjusted momentum top-k] | inverse-vol capped top-k,TabPFN[Direct allocation scorer],TabPFN[Direct allocation scorer] | inverse-vol capped top-k,TabPFN[Direct allocation scorer] Calibration Base,TabPFN[Direct allocation scorer] Calibration Base | inverse-vol capped top-k,XGBoost[GPU allocation scorer],XGBoost[GPU allocation scorer] | inverse-vol capped top-k,XGBoost[GPU allocation scorer] Calibrated,XGBoost[GPU allocation scorer] Calibrated | inverse-vol capped top-k,XGBoost[GPU allocation scorer] Calibration Base,XGBoost[GPU allocation scorer] Calibration Base | inverse-vol capped top-k
2020-01,1.0,1.0,1.0,1.0,1.0,1.0,1.0,1.0,1.0,1.0,1.0,1.0,1.0,1.0,1.0,1.0,1.0,0.9999999999999999,1.0,0.9999999999999999
2020-02,0.0,0.0,0.0,0.20806488031956843,0.8,0.4,0.8,0.9252224823893967,1.6,1.806876626241854,0.8,0.9922867431030038,0.8,0.7744107599144157,1.6,1.6951612061002144,1.2000000000000002,1.4029576953994494,1.2000000000000002,1.4029576953994494
2020-03,0.0,0.0,0.0,0.49879692397332615,0.4,0.4,1.2000000000000002,1.6463220534433836,0.0,0.2799389256064356,1.6,1.7690803291509432,1.2000000000000002,1.3394970099292722,2.0,2.0,2.0,2.0,2.0,2.0
2020-04,0.0,0.0,0.0,0.042080750416164145,0.4,0.4,0.4,0.7,0.8,0.9368820581197417,1.6,1.7690803291509432,0.4,0.7,0.8,1.2767075928858884,1.2000000000000002,1.51358965100563,1.2000000000000002,1.51358965100563
2020-05,0.0,0.0,0.0,0.029901702771938963,0.4,0.0,0.0,0.009683003955745673,0.8,0.9431599551370886,0.0,0.017269189779797467,0.8,0.8866539288461783,0.8,0.8826954140595619,0.8,0.8798896754530846,0.8,0.8798896754530846
2020-06,0.0,0.0,0.0,0.29978902438167543,0.0,0.4,0.0,0.08812509960703371,0.4,0.4613081825111447,0.8,0.7601942265081466,0.4,0.32486309197498264,0.8,0.650299080685833,1.2000000000000002,1.0408269327440764,1.2000000000000002,1.0408269327440764
2020-07,0.0,0.0,0.0,0.15947772936095447,0.0,0.4,0.4,0.7,0.0,0.14737618884704906,0.4,0.6031383163194548,0.4,0.4453995950792623,1.2000000000000002,1.381373706714216,1.2000000000000002,1.431415015292841,1.2000000000000002,1.431415015292841
2020-08,0.0,0.0,0.0,0.07707806631296618,0.4,0.4,0.4,0.6745576785180559,0.4,0.7072944051643822,0.8,1.1251885513228888,0.0,0.1772989614341656,0.4,0.559354725862879,0.8,0.8787041465752102,0.8,0.8787041465752102
2020-09,0.0,0.0,0.0,0.10901459919571352,0.0,0.0,0.4,0.5762700239520182,0.4,0.5808978098709493,0.8,1.132007567466911,0.8,0.9863152671412785,1.2000000000000002,1.611860946270306,0.0,0.18356512541217213,0.0,0.18356512541217213
2020-10,0.0,0.0,0.0,0.05936834913033748,0.0,0.0,0.4,0.5660227777278215,1.2,1.4435370930649345,0.4,0.5145524529798157,0.8,0.9743969287516964,1.2000000000000002,1.1379007295793329,0.8,1.0196319666747486,0.8,1.0196319666747486
2020-11,0.0,0.0,0.0,0.07017265518838146,0.4,0.0,1.2,1.2431974895612425,1.2000000000000002,1.1838084930292574,0.4,0.7832995684275038,0.8,1.118598597248075,1.6,1.6970928832718117,1.6,1.3584665521416999,1.6,1.3584665521416999
2020-12,0.0,0.0,0.0,0.08644659622859688,0.4,0.0,0.8,0.7178565266052178,0.4,0.5062480353915789,0.4,0.7119605290246207,0.4,0.6819406039476159,1.2000000000000002,1.2839081027425956,1.6,1.6825434964928876,1.6,1.6825434964928876
2021-01,0.0,0.0,0.0,0.05935537932077607,0.4,0.4,1.2000000000000002,1.2883800269221912,0.8,0.838911789151136,0.8,1.0583296401249902,0.4,0.5070026191462396,0.8,0.9214137883410143,1.2000000000000002,1.3281392261410636,1.2000000000000002,1.3281392261410636
2021-02,0.0,0.0,0.0,0.10869109018902871,0.4,0.0,0.8,0.8883288324332886,0.0,0.12482386725009416,0.4,0.5658443033294177,0.8,1.107097772830349,1.2000000000000002,1.1920965035421696,0.8,0.8693372136431969,0.8,0.8693372136431969
2021-03,0.0,0.0,0.0,0.09297085865966848,0.8,0.0,0.4,0.5898366751014283,0.4,0.5898366751014283,0.0,0.15973758264249482,0.0,0.09621773083468725,0.8,0.966874134192629,0.8,1.1573710339918257,0.8,1.1573710339918257
2021-04,0.0,0.0,0.0,0.07046151286600173,0.8,0.0,0.0,0.0585621974785695,0.8,1.0522590942883399,0.4,0.6069697896276729,0.8,0.9835388278742078,0.8,0.9616733385140184,0.4,0.6927768238050048,0.4,0.6927768238050048
2021-05,0.0,0.0,0.0,0.08056664249321153,0.4,0.4,0.4,0.5625651669658196,0.8,1.05225909428834,0.0,0.0745411811575313,0.4,0.6446646445136786,0.8,0.9437018164950621,0.4,0.5770327699921568,0.4,0.5770327699921568
2021-06,0.0,0.0,0.0,0.11521956612701165,0.4,0.0,0.8,0.9892443283888432,1.2000000000000002,1.4159678650939544,0.8,1.0056104981540195,0.8,1.0157728724512833,1.2000000000000002,1.2748190884614115,1.2000000000000002,1.2862799127350752,1.2000000000000002,1.2862799127350752
2021-07,0.0,0.0,0.0,0.06399853182425087,0.4,0.4,0.0,0.04315355197271192,0.4,0.5613308599025687,0.4,0.4642553479796332,0.4,0.5585462614028752,0.8,0.7252054400939028,0.8,0.9059415352006361,0.8,0.9059415352006361
2021-08,0.0,0.0,0.0,0.07238309936214325,0.8,0.4,1.2000000000000002,1.2505250156017254,0.4,0.4431927469819867,0.4,0.5511691586810015,0.4,0.3891896200519137,1.5999999999999999,1.6776735241920426,0.8,0.9875070530782231,0.8,0.9875070530782231
2021-09,0.0,0.0,0.0,0.04327720089149584,0.4,0.4,0.4,0.44768570418127657,1.2000000000000002,1.197160688579551,0.4,0.6015171933338479,0.8,0.7089841665183998,1.2000000000000002,1.4226189531025413,0.8,0.843351717364535,0.8,0.843351717364535
2021-10,0.0,0.0,0.0,0.04761155410897213,0.0,0.0,0.8,0.8500763033103549,0.4,0.5007553958213233,0.0,0.06579348065929494,0.8,0.7455181713052342,1.2000000000000002,1.2645437335301546,1.2000000000000002,1.290578721450743,1.2000000000000002,1.290578721450743
2021-11,0.0,0.0,0.0,0.07515991869878538,0.8,0.0,0.8,0.8673105950727105,0.4,0.451088609946391,0.8,0.9840899895807949,0.4,0.5287274277711298,0.8,0.8969018583649351,0.8,0.7535099917363156,0.8,0.7535099917363156
2021-12,0.0,0.0,0.0,0.06792771145238027,0.8,0.4,1.2000000000000002,1.335421028522374,1.6,1.7057787124345367,0.8,0.9678341576161744,0.4,0.4025712296529983,1.2000000000000002,1.2874641990023026,1.2,1.2660562750375153,1.2,1.2660562750375153
2022-01,0.0,0.0,0.0,0.047457425467101536,0.0,0.0,1.6,1.6882197027424701,1.2000000000000002,1.0718717219990435,0.4,0.47676125606209496,0.4,0.40442921274879806,1.2000000000000002,1.1758991999123838,0.8,0.8473543415611278,0.8,0.8473543415611278
2022-02,0.0,0.0,0.0,0.0879028086589609,0.4,0.0,0.8,0.929458316139744,0.8,0.9675588382722526,0.4,0.5210314920550587,1.2,1.2450475362395332,0.4,0.4012518272074219,1.2000000000000002,1.2864065744907052,1.2000000000000002,1.2864065744907052
2022-03,0.0,0.0,0.0,0.1278589987450085,0.8,0.4,0.8,1.1356498310017882,0.4,0.6264662429780067,0.8,0.838319484788459,1.2000000000000002,1.314137147684327,1.6,1.4510408775100205,1.6,1.5402005913096386,1.6,1.5402005913096386
2022-04,0.0,0.0,0.0,0.04144633468668742,0.4,0.4,0.8,1.0127107027380482,0.4,0.48972221692264956,0.4,0.3992507128765858,0.8,0.9298277865356757,0.8,0.8512276925038003,0.4,0.4365873850144203,0.4,0.4365873850144203
2022-05,0.0,0.0,0.0,0.07290273321114038,0.0,0.0,0.0,0.10438978061340229,0.8,1.0134926797337251,0.0,0.035479799080616437,0.8,0.9781022720208338,1.6,1.7304081272307954,0.8,0.9110636634833575,0.8,0.9110636634833575
2022-06,0.0,0.0,0.0,0.08784179128483022,0.0,0.0,0.4,0.7216722556968843,0.4,0.7534628963062998,0.4,0.4791564485649308,0.4,0.33965941585738335,1.2000000000000002,1.289980182685268,1.2,1.3359448500526871,1.2,1.3359448500526871
2022-07,0.0,0.0,0.0,0.03211040282256285,0.0,0.0,0.8,1.2206189858232488,0.8,1.0431506741428607,0.4,0.5149475942859004,0.4,0.3813526967423861,1.6,1.3387331024182814,0.8,0.7807497265640215,0.8,0.7807497265640215
2022-08,0.0,0.0,0.0,0.07964582964087295,0.4,0.0,0.4,0.722841134351476,0.8,1.1739012314882742,0.0,0.06930492888467352,0.0,0.03960765300255764,1.2000000000000002,1.099933230189754,1.2,1.124849840536988,1.2,1.124849840536988
2022-09,0.0,0.0,0.0,0.05114354091601102,0.4,0.0,0.4,0.593959111754906,1.2,1.155650492535262,0.4,0.47026667427259056,0.4,0.3797422370273722,0.4,0.5638420068646898,0.8,0.7686061179357473,0.8,0.7686061179357473
2022-10,0.0,0.0,0.0,0.07665591457113746,0.0,0.0,1.6,1.8189337666522105,1.2000000000000002,1.5652592232354494,0.4,0.4474609546005476,0.4,0.37301350162281255,0.8,0.8949259661367956,1.2,1.0617615660439566,1.2,1.0617615660439566
2022-11,0.0,0.0,0.0,0.033844404354827565,0.0,0.0,0.4,0.46907524914920484,0.8,0.949779645256192,0.0,0.036542090958122914,0.8,0.8729855306185572,1.2,1.3663317206813956,0.8,1.090014918536705,0.8,1.090014918536705
2022-12,0.0,0.0,0.0,0.023338221463875767,0.8,0.4,0.8,0.9120509605241873,0.8,0.9967793408646982,0.4,0.47935785303156847,0.4,0.4198207355114253,0.8,0.8593798460577804,0.8,0.812241161958065,0.8,0.812241161958065
2023-01,0.0,0.0,0.0,0.06672079903648162,0.0,0.4,0.8,0.9754443234133335,0.8,0.7816522432949855,0.4,0.46301853646199165,0.8,0.7808922666849476,1.2,1.3285383563854205,0.4,0.6282925580924952,0.4,0.6282925580924952
2023-02,0.0,0.0,0.0,0.055574828946461846,0.8,0.0,0.4,0.4438128624043583,1.2000000000000002,1.2108184336117407,0.4,0.4837634823854624,0.4,0.36506982032609325,1.6,1.6184879174447586,1.2000000000000002,1.4010654261689521,1.2000000000000002,1.4010654261689521
2023-03,0.0,0.0,0.0,0.1860626530825542,1.2000000000000002,0.0,0.4,0.4600495991055681,1.2000000000000002,1.2403708889144385,0.8,0.8904025937610842,0.8,0.8426977355173145,2.0000000000000004,1.9999999999999998,0.4,0.5750060096760998,0.4,0.5750060096760998
2023-04,0.0,0.0,0.0,0.04383038708351135,1.2000000000000002,0.4,0.8,0.8424701880764184,0.0,0.022029427705610644,0.4,0.48761313844275933,0.4,0.4525892905907539,0.8,0.930965532780892,1.2000000000000002,1.3180069856378238,1.2000000000000002,1.3180069856378238
2023-05,0.0,0.0,0.0,0.048812578500940715,0.8,0.0,0.0,0.051309834447321095,0.8,0.8569405699022259,0.0,0.01863063090064071,0.4,0.41544841455277426,1.2000000000000002,1.1975736397539658,1.2000000000000002,1.3180069856378238,1.2000000000000002,1.3180069856378238
2023-06,0.0,0.0,0.0,0.1072358109968453,0.8,0.0,0.8,0.8313688301316539,0.4,0.4556474460761817,0.8,0.9700995456009656,0.8,0.8671995121579642,1.6,1.641966565322107,1.2,1.301177879460482,1.2,1.301177879460482
2023-07,0.0,0.0,0.0,0.054873983022525115,0.8,0.0,0.4,0.4887565702055736,0.4,0.3997062713045092,0.4,0.4989360858325569,0.8,0.9766857664353931,1.2,1.3622432442351986,1.2,1.434072603883028,1.2,1.434072603883028
2023-08,0.0,0.0,0.0,0.07071286450630275,0.4,0.0,0.4,0.42611657424771543,0.4,0.35864556896022004,0.8,0.848904100306232,0.8,0.9289463849774023,0.8,0.833567423661605,0.8,1.0906636346009921,0.8,1.0906636346009921
2023-09,0.0,0.0,0.0,0.04919005715573406,0.4,0.4,0.4,0.33709761302370106,0.8,1.1764546838629495,0.4,0.4810205675630782,0.4,0.47313350430074985,1.2000000000000002,1.2382681022853483,1.2,1.4025984278215176,1.2,1.4025984278215176
2023-10,0.0,0.0,0.0,0.08245685948283199,0.8,0.4,0.4,0.5729757807515831,0.8,0.8699789805546169,1.2,1.2867247919703464,0.8,0.9167442430956009,1.2,1.2481090377637676,1.5999999999999999,1.6392275601456547,1.5999999999999999,1.6392275601456547
2023-11,0.0,0.0,0.0,0.055881258731379155,0.8,0.0,0.4,0.5378705756378168,2.0,2.0,0.4,0.4884630664503949,0.8,0.9428400186887121,1.2,1.2783421200371614,1.2,1.184879266137242,1.2,1.184879266137242
2023-12,0.0,0.0,0.0,0.06172009026047155,0.4,0.0,0.8,0.8143370094406706,1.2000000000000002,1.2040360624642799,0.8,0.8719195896909484,0.8,0.9662061579711415,1.2,1.3996918977860258,0.8,0.8163627579231677,0.8,0.8163627579231677
2024-01,0.0,0.0,0.0,0.05290390200732942,0.4,0.0,0.4,0.43839876241731324,1.2000000000000002,1.2981091748274753,0.8,0.8969754363708725,0.4,0.3849468049410216,0.8,1.0319430984784135,1.2,1.2889994277322032,1.2,1.2889994277322032
2024-02,0.0,0.0,0.0,0.040212772931738625,0.4,0.0,0.0,0.019264299911842586,0.4,0.5291428693820666,0.8,0.8930051185880677,0.8,0.9731479016984182,1.2,1.2811797094331685,0.4,0.4858682476698606,0.4,0.4858682476698606
2024-03,0.0,0.0,0.0,0.052301715160500736,0.4,0.0,0.4,0.5404848516805761,0.8,0.6578247680016978,0.4,0.4425099897789772,0.4,0.4426895871800611,0.8,0.9183769131386155,0.8,0.9604490783618514,0.8,0.9604490783618514
2024-04,0.0,0.0,0.0,0.05956492144393752,0.4,0.4,0.0,0.03864800550131514,1.6,1.5610992262373244,0.8,0.9499860959119015,0.4,0.47342474770247533,0.8,0.9964726052877935,1.2000000000000002,1.3391326091022058,1.2000000000000002,1.3391326091022058
2024-05,0.0,0.0,0.0,0.058107354960760305,0.4,0.0,0.8,0.620479297605409,0.4,0.6108482093840497,1.2000000000000002,1.419151730447634,0.8,1.0158120297824165,2.0,2.0,1.5999999999999999,1.6734749980563217,1.5999999999999999,1.6734749980563217
2024-06,0.0,0.0,0.0,0.044513785178346414,0.4,0.0,1.2000000000000002,1.330641279366756,0.8,0.8802173145469092,0.4,0.46471873128116814,0.4,0.5186455802725357,1.6,1.819004762265992,0.8,0.9835586688121947,0.8,0.9835586688121947
2024-07,0.0,0.0,0.0,0.07223354130774054,0.4,0.4,0.8,0.8276727165086577,1.6,1.6407168166210626,1.2,1.4505254859527252,0.8,0.9545818961813254,1.2000000000000002,1.5227010240233676,0.8,1.037355061618696,0.8,1.037355061618696
2024-08,0.0,0.0,0.0,0.09181425319111983,0.0,0.4,0.8,1.0261359910799017,0.8,0.8419621659422443,0.4,0.6428752188492117,0.4,0.5128393525692014,0.4,0.691906797936169,0.4,0.56754232540467,0.4,0.56754232540467
2024-09,0.0,0.0,0.0,0.0586935863217634,0.4,0.0,0.8,1.0255967060484903,0.8,0.8419621659422443,0.4,0.5901371706593008,0.8,1.0066872560997622,0.8,1.1849920375135383,1.2,1.4898681566500613,1.2,1.4898681566500613
2024-10,0.0,0.0,0.0,0.06069392279801526,0.8,0.0,0.0,0.05358861799193154,0.8,0.8759305116437712,0.4,0.5845142192835628,0.4,0.6836476267686039,1.2000000000000002,1.3731733801740047,1.2,1.4744403485430149,1.2,1.4744403485430149
2024-11,0.0,0.0,0.0,0.07814321511416351,0.8,0.0,1.2,1.1041896349332032,0.8,0.834070956080902,1.2000000000000002,1.4400581144376678,1.2000000000000002,1.4400581144376678,1.2000000000000002,1.3674085707682153,0.8,0.8447048509081448,0.8,0.8447048509081448
2024-12,0.0,0.0,0.0,0.06871545314497933,1.2,0.0,0.8,0.9471731870223752,1.2000000000000002,1.2951878416278293,1.2000000000000002,1.4243069755254512,0.8,0.9506015083084217,0.8,0.8278180224704361,0.8,0.8221131909706227,0.8,0.8221131909706227
2025-01,0.0,0.0,0.0,0.05196467849983111,0.8,0.0,0.8,0.8636361518755148,0.8,0.936978246081836,0.8,0.9635464224560043,0.4,0.5130807998065842,1.6,1.520979640892019,0.8,0.7705847074174564,0.8,0.7705847074174564
2025-02,0.0,0.0,0.0,0.062206137619513976,0.0,0.4,0.4,0.5871616043362681,1.2,1.2583596255305258,0.4,0.4781338723755716,0.4,0.5391540229040324,0.8,0.9020569237176411,1.2,1.3132072109205266,1.2,1.3132072109205266
2025-03,0.0,0.0,0.0,0.07045458455074385,0.4,0.4,1.2,1.1885942847122348,0.8,0.7658713211078338,0.4,0.47357264347391603,1.2000000000000002,1.3836675884205771,0.8,1.0236542974104244,0.8,1.0196158881346373,0.8,1.0196158881346373
2025-04,0.0,0.0,0.0,0.2237938417382861,0.0,0.4,1.2000000000000002,1.5874574549947602,0.8,1.081489009055758,1.2,1.4046364497361934,1.6,1.6785413553923387,1.5999999999999999,1.6275980578113485,0.8,1.0350520498715456,0.8,1.0350520498715456
2025-05,0.0,0.0,0.0,0.024677772018314822,0.8,0.0,1.2000000000000002,1.5636094617646639,1.2000000000000002,1.3448097344026373,0.8,1.1477765084200242,0.8,0.9925747544068348,1.2000000000000002,1.3120574991366307,1.2000000000000002,1.4288878466349872,1.2000000000000002,1.4288878466349872
2025-06,0.0,0.0,0.0,0.03211080949265942,0.4,0.0,0.4,0.36655065135763104,1.2000000000000002,1.2206537509951403,0.4,0.45628773221782576,0.4,0.42469705623773113,1.2000000000000002,1.3571935279666452,1.6,1.6428050246951187,1.6,1.6428050246951187
2025-07,0.0,0.0,0.0,0.2829415262378445,0.4,0.4,0.8,0.9766403873378741,1.2000000000000002,1.3572320406006702,1.2,1.3548043413669437,0.8,1.0196869244316922,1.2000000000000002,1.4445349424915563,0.8,0.9212720838605399,0.8,0.9212720838605399
2025-08,0.0,0.0,0.0,0.06028885905158439,0.8,0.4,0.4,0.5421855362095953,1.2,1.274231126765601,1.2,1.3372374670610088,0.4,0.6220221959984988,0.8,0.8817266886173303,0.8,0.9358258717539071,0.8,0.9358258717539071
2025-09,0.0,0.0,0.0,0.045270030197762365,0.4,0.0,0.4,0.5072600527874651,0.8,0.9883848895337742,0.0,0.024191973814232742,0.8,0.9448887962981138,0.8,1.0014774686249448,0.8,0.9439603134157744,0.8,0.9439603134157744
2025-10,0.0,0.0,0.0,0.11933804293141873,0.4,0.4,0.0,0.07891615236290674,0.4,0.5219741487186609,0.8,0.9318341087297716,0.4,0.6347450584733016,1.6,1.5847592910601502,1.2000000000000002,1.4456398063839773,1.2000000000000002,1.4456398063839773
2025-11,0.0,0.0,0.0,0.05255752472511094,0.4,0.0,0.4,0.5360149132483877,0.8,0.9828845548330355,0.0,0.062114229790419875,0.4,0.5304769448989317,1.2000000000000002,1.1364775696772638,1.6,1.799939434138361,1.6,1.799939434138361
2025-12,0.0,0.0,0.0,0.0370794550884962,0.0,0.0,0.4,0.6326997469496395,0.8,1.0511463940131813,0.4,0.5669022610726397,0.4,0.5367868040703432,1.6,1.606466030715282,0.4,0.3832461928623727,0.4,0.3832461928623727
2026-01,0.0,0.0,0.0,0.09210103866703591,0.0,0.0,0.4,0.5183753319614826,0.8,1.1900165417916664,0.4,0.7123761183777745,0.8,1.1971743029164392,1.6,1.7238004015084187,0.8,0.9021176516101737,0.8,0.9021176516101737
2026-02,0.0,0.0,0.0,0.09297267752906223,0.4,0.0,0.4,0.49473996867298964,0.4,0.6046736333992028,0.4,0.6991607148194261,0.8,1.1257746577392744,0.4,0.5079527993431483,0.4,0.5074280615134079,0.4,0.5074280615134079
2026-03,0.0,0.0,0.0,0.198447574588901,0.8,0.0,0.8,1.2564865370105018,0.4,0.6336139145880775,0.8,1.084347823684794,1.2,1.6573172461088033,1.2,1.2377953382731772,0.8,0.8816677966638488,0.8,0.8816677966638488
