Model,Evaluation Window,bin,rows,observed_rate,mean_predicted_probability,score_min,score_max
Dummy[Preholdout prior probability],holdout,"(0.336, 0.337]",675,0.3333333333333333,0.3366733466933868,0.3366733466933868,0.3366733466933868
XGBoost[GPU allocation scorer],holdout,"(0.229, 0.247]",68,0.22058823529411764,0.2375806611688698,0.23015311360359192,0.24676452577114105
XGBoost[GPU allocation scorer],holdout,"(0.247, 0.31]",67,0.2537313432835821,0.27129866049360873,0.24717770516872406,0.3089175224304199
XGBoost[GPU allocation scorer],holdout,"(0.31, 0.328]",68,0.3088235294117647,0.32026538515792174,0.3097441792488098,0.32811465859413147
XGBoost[GPU allocation scorer],holdout,"(0.328, 0.339]",67,0.23880597014925373,0.33360231901282694,0.32812684774398804,0.33875173330307007
XGBoost[GPU allocation scorer],holdout,"(0.339, 0.348]",68,0.35294117647058826,0.34309915190233903,0.33880293369293213,0.3476235568523407
XGBoost[GPU allocation scorer],holdout,"(0.348, 0.359]",67,0.26865671641791045,0.3533871142721888,0.3477267026901245,0.3586712181568146
XGBoost[GPU allocation scorer],holdout,"(0.359, 0.37]",67,0.4925373134328358,0.3640201523232816,0.3589593172073364,0.3697354793548584
XGBoost[GPU allocation scorer],holdout,"(0.37, 0.389]",68,0.4117647058823529,0.3796403951504651,0.369895875453949,0.3888552486896515
XGBoost[GPU allocation scorer],holdout,"(0.389, 0.407]",67,0.43283582089552236,0.39906886620308035,0.3889939785003662,0.40664538741111755
XGBoost[GPU allocation scorer],holdout,"(0.407, 0.43]",68,0.35294117647058826,0.41482944918029446,0.4066876471042633,0.429997980594635
XGBoost[GPU allocation scorer] Calibration Base,calibration,"(0.249, 0.265]",22,0.2727272727272727,0.2569889405911619,0.24955631792545319,0.2646593451499939
XGBoost[GPU allocation scorer] Calibration Base,calibration,"(0.265, 0.279]",22,0.18181818181818182,0.27100719240578736,0.2651020288467407,0.2787693738937378
XGBoost[GPU allocation scorer] Calibration Base,calibration,"(0.279, 0.299]",21,0.38095238095238093,0.2876156880742028,0.27934741973876953,0.29911932349205017
XGBoost[GPU allocation scorer] Calibration Base,calibration,"(0.299, 0.314]",22,0.3181818181818182,0.30697209997610614,0.29957351088523865,0.3139036297798157
XGBoost[GPU allocation scorer] Calibration Base,calibration,"(0.314, 0.327]",21,0.19047619047619047,0.31975583945001873,0.3139377534389496,0.3271248936653137
XGBoost[GPU allocation scorer] Calibration Base,calibration,"(0.327, 0.341]",22,0.45454545454545453,0.3345476605675437,0.3277803659439087,0.3407759368419647
XGBoost[GPU allocation scorer] Calibration Base,calibration,"(0.341, 0.366]",21,0.3333333333333333,0.3557987823372796,0.34189486503601074,0.365737646818161
XGBoost[GPU allocation scorer] Calibration Base,calibration,"(0.366, 0.38]",22,0.36363636363636365,0.37266362526200036,0.36579427123069763,0.3795173168182373
XGBoost[GPU allocation scorer] Calibration Base,calibration,"(0.38, 0.395]",21,0.2857142857142857,0.3861890733242035,0.3802269399166107,0.39522016048431396
XGBoost[GPU allocation scorer] Calibration Base,calibration,"(0.395, 0.423]",22,0.5454545454545454,0.4068117561665448,0.3954719305038452,0.42278239130973816
XGBoost[GPU allocation scorer] Calibration Base,holdout,"(0.244, 0.261]",68,0.25,0.2537841308204567,0.24457421898841858,0.26115256547927856
XGBoost[GPU allocation scorer] Calibration Base,holdout,"(0.261, 0.292]",67,0.23880597014925373,0.27689081875245963,0.2617473602294922,0.2918514609336853
XGBoost[GPU allocation scorer] Calibration Base,holdout,"(0.292, 0.304]",68,0.25,0.2980472739128506,0.29233822226524353,0.30447596311569214
XGBoost[GPU allocation scorer] Calibration Base,holdout,"(0.304, 0.315]",67,0.29850746268656714,0.30973994731903076,0.30453789234161377,0.31532225012779236
XGBoost[GPU allocation scorer] Calibration Base,holdout,"(0.315, 0.332]",68,0.2647058823529412,0.3220025726100978,0.3153466284275055,0.33160117268562317
XGBoost[GPU allocation scorer] Calibration Base,holdout,"(0.332, 0.357]",67,0.40298507462686567,0.34563504804426165,0.33177873492240906,0.3571767210960388
XGBoost[GPU allocation scorer] Calibration Base,holdout,"(0.357, 0.368]",67,0.3582089552238806,0.3627685183909402,0.3573228418827057,0.3674209415912628
XGBoost[GPU allocation scorer] Calibration Base,holdout,"(0.368, 0.377]",68,0.4117647058823529,0.3719765850726296,0.3675262928009033,0.3765832781791687
XGBoost[GPU allocation scorer] Calibration Base,holdout,"(0.377, 0.391]",67,0.47761194029850745,0.3831432746417487,0.3766321837902069,0.39110755920410156
XGBoost[GPU allocation scorer] Calibration Base,holdout,"(0.391, 0.422]",68,0.38235294117647056,0.40389471676419764,0.3914797008037567,0.421552836894989
XGBoost[GPU allocation scorer] Calibrated,calibration,"(0.245, 0.261]",22,0.2727272727272727,0.2536830114857315,0.24645023127520352,0.26124782993911994
XGBoost[GPU allocation scorer] Calibrated,calibration,"(0.261, 0.276]",22,0.18181818181818182,0.26766351338715544,0.261690115527314,0.27558092619450486
XGBoost[GPU allocation scorer] Calibrated,calibration,"(0.276, 0.297]",21,0.38095238095238093,0.2848409830010012,0.2761783919466397,0.29708878813821293
XGBoost[GPU allocation scorer] Calibrated,calibration,"(0.297, 0.313]",22,0.3181818181818182,0.3056669250082659,0.2975797516030139,0.3133063946114267
XGBoost[GPU allocation scorer] Calibrated,calibration,"(0.313, 0.329]",21,0.19047619047619047,0.3198773371283385,0.31334438052756075,0.3282081092688966
XGBoost[GPU allocation scorer] Calibrated,calibration,"(0.329, 0.344]",22,0.45454545454545453,0.33675350204378174,0.32895629859572484,0.34396568526832433
XGBoost[GPU allocation scorer] Calibrated,calibration,"(0.344, 0.374]",21,0.3333333333333333,0.361757134167593,0.3452732271149205,0.37366607827186255
XGBoost[GPU allocation scorer] Calibrated,calibration,"(0.374, 0.39]",22,0.36363636363636365,0.3821026890691164,0.37373464758859015,0.3904964104286358
XGBoost[GPU allocation scorer] Calibrated,calibration,"(0.39, 0.41]",21,0.2857142857142857,0.3987535009627453,0.3913706201762591,0.4099963009557139
XGBoost[GPU allocation scorer] Calibrated,calibration,"(0.41, 0.445]",22,0.5454545454545454,0.4246155243854848,0.41031144563533883,0.4448810051513124
XGBoost[GPU allocation scorer] Calibrated,holdout,"(0.241, 0.258]",68,0.25,0.2505594959380013,0.24169446115802465,0.2577613171303001
XGBoost[GPU allocation scorer] Calibrated,holdout,"(0.258, 0.29]",67,0.23880597014925373,0.2737844227425388,0.2583505302644665,0.28929655505933227
XGBoost[GPU allocation scorer] Calibrated,holdout,"(0.29, 0.303]",68,0.25,0.29594482136633044,0.28981463702730215,0.3029087596409987
XGBoost[GPU allocation scorer] Calibrated,holdout,"(0.303, 0.315]",67,0.29850746268656714,0.30870014142542657,0.3029764216622063,0.3148876879841159
XGBoost[GPU allocation scorer] Calibrated,holdout,"(0.315, 0.333]",68,0.2647058823529412,0.3224134308579197,0.31491489941867323,0.333334757615047
XGBoost[GPU allocation scorer] Calibrated,holdout,"(0.333, 0.363]",67,0.40298507462686567,0.34971198926575475,0.33353894359859504,0.3633589727120802
XGBoost[GPU allocation scorer] Calibrated,holdout,"(0.363, 0.376]",67,0.3582089552238806,0.3700844350525682,0.36353387995445946,0.37570662043824143
XGBoost[GPU allocation scorer] Calibrated,holdout,"(0.376, 0.387]",68,0.4117647058823529,0.38125716647146274,0.37583447815694376,0.3868893791101732
XGBoost[GPU allocation scorer] Calibrated,holdout,"(0.387, 0.405]",67,0.47761194029850745,0.3949821067636739,0.386949402041073,0.40485912518719036
XGBoost[GPU allocation scorer] Calibrated,holdout,"(0.405, 0.443]",68,0.38235294117647056,0.42092112380215374,0.4053231399475086,0.4433104817301672
TabPFN[Direct allocation scorer],holdout,"(0.102, 0.177]",68,0.22058823529411764,0.13013994540361798,0.10264860093593597,0.1746031790971756
TabPFN[Direct allocation scorer],holdout,"(0.177, 0.241]",67,0.26865671641791045,0.21145547637298925,0.1794871836900711,0.24062995612621307
TabPFN[Direct allocation scorer],holdout,"(0.241, 0.323]",68,0.3382352941176471,0.2817772019873647,0.2410256415605545,0.32275390625
TabPFN[Direct allocation scorer],holdout,"(0.323, 0.339]",69,0.2898550724637681,0.3339560826619466,0.3232421875,0.33935546875
TabPFN[Direct allocation scorer],holdout,"(0.339, 0.347]",67,0.2835820895522388,0.34355335004294096,0.33968254923820496,0.34716796875
TabPFN[Direct allocation scorer],holdout,"(0.347, 0.355]",69,0.391304347826087,0.3518672127654587,0.34781548380851746,0.35546875
TabPFN[Direct allocation scorer],holdout,"(0.355, 0.365]",64,0.296875,0.3594816136173904,0.35562607645988464,0.3641025722026825
TabPFN[Direct allocation scorer],holdout,"(0.365, 0.372]",72,0.3888888888888889,0.368278945899672,0.36474609375,0.37158203125
TabPFN[Direct allocation scorer],holdout,"(0.372, 0.423]",63,0.3492063492063492,0.38166630551928565,0.37173542380332947,0.42236328125
TabPFN[Direct allocation scorer],holdout,"(0.423, 0.479]",68,0.5,0.44711558739928636,0.42333984375,0.47900390625
TabPFN[Direct allocation scorer] Calibration Base,calibration,"(0.0663, 0.125]",22,0.2727272727272727,0.09729421985420314,0.0673258900642395,0.12228459864854813
TabPFN[Direct allocation scorer] Calibration Base,calibration,"(0.125, 0.205]",22,0.09090909090909091,0.15232883461497046,0.12744140625,0.20488400757312775
TabPFN[Direct allocation scorer] Calibration Base,calibration,"(0.205, 0.334]",21,0.42857142857142855,0.27148279263859704,0.20663981139659882,0.3321942985057831
TabPFN[Direct allocation scorer] Calibration Base,calibration,"(0.334, 0.354]",22,0.4090909090909091,0.3467910276217894,0.33544921875,0.3544921875
TabPFN[Direct allocation scorer] Calibration Base,calibration,"(0.354, 0.362]",24,0.3333333333333333,0.3594890125095844,0.35464975237846375,0.36246034502983093
TabPFN[Direct allocation scorer] Calibration Base,calibration,"(0.362, 0.367]",19,0.2631578947368421,0.36467134638836507,0.36279296875,0.36669921875
TabPFN[Direct allocation scorer] Calibration Base,calibration,"(0.367, 0.37]",21,0.3333333333333333,0.3684760956537156,0.36687836050987244,0.3701171875
TabPFN[Direct allocation scorer] Calibration Base,calibration,"(0.37, 0.375]",22,0.22727272727272727,0.3729745867577466,0.37045177817344666,0.37548828125
TabPFN[Direct allocation scorer] Calibration Base,calibration,"(0.375, 0.385]",21,0.3333333333333333,0.37858236403692336,0.37564072012901306,0.38427734375
TabPFN[Direct allocation scorer] Calibration Base,calibration,"(0.385, 0.469]",22,0.6363636363636364,0.40871388803828845,0.3851037919521332,0.46875
TabPFN[Direct allocation scorer] Calibration Base,holdout,"(0.0815, 0.164]",68,0.22058823529411764,0.13345057232414975,0.08246353268623352,0.16357421875
TabPFN[Direct allocation scorer] Calibration Base,holdout,"(0.164, 0.239]",67,0.2835820895522388,0.2006067713694786,0.16367630660533905,0.23846717178821564
TabPFN[Direct allocation scorer] Calibration Base,holdout,"(0.239, 0.311]",68,0.36764705882352944,0.27794409455621943,0.23858363926410675,0.3103785216808319
TabPFN[Direct allocation scorer] Calibration Base,holdout,"(0.311, 0.357]",67,0.19402985074626866,0.3427640635575821,0.31103515625,0.3572649657726288
TabPFN[Direct allocation scorer] Calibration Base,holdout,"(0.357, 0.366]",69,0.4057971014492754,0.36238113088884216,0.357421875,0.36572265625
TabPFN[Direct allocation scorer] Calibration Base,holdout,"(0.366, 0.37]",66,0.3787878787878788,0.36855657850251056,0.3662109375,0.3702709376811981
TabPFN[Direct allocation scorer] Calibration Base,holdout,"(0.37, 0.374]",67,0.44776119402985076,0.3721923587927178,0.37045177817344666,0.3740234375
TabPFN[Direct allocation scorer] Calibration Base,holdout,"(0.374, 0.378]",70,0.2857142857142857,0.3759962843997138,0.37435898184776306,0.3777777850627899
TabPFN[Direct allocation scorer] Calibration Base,holdout,"(0.378, 0.383]",68,0.2647058823529412,0.3800452938851188,0.3779296875,0.38330078125
TabPFN[Direct allocation scorer] Calibration Base,holdout,"(0.383, 0.432]",65,0.49230769230769234,0.39524420224703277,0.3836385905742645,0.4317793548107147
TabICL[Direct allocation scorer],holdout,"(0.0945, 0.159]",68,0.22058823529411764,0.13002247768728173,0.0955461710691452,0.15814541280269623
TabICL[Direct allocation scorer],holdout,"(0.159, 0.287]",67,0.31343283582089554,0.23685723698850888,0.16076308488845825,0.2860362231731415
TabICL[Direct allocation scorer],holdout,"(0.287, 0.33]",68,0.36764705882352944,0.3115738687269828,0.28781241178512573,0.33015918731689453
TabICL[Direct allocation scorer],holdout,"(0.33, 0.342]",67,0.29850746268656714,0.33739265176787303,0.3303992450237274,0.3422659635543823
TabICL[Direct allocation scorer],holdout,"(0.342, 0.347]",68,0.27941176470588236,0.345096647301141,0.34226617217063904,0.3474140763282776
TabICL[Direct allocation scorer],holdout,"(0.347, 0.353]",67,0.3283582089552239,0.3507685487839713,0.3474143147468567,0.3533414602279663
TabICL[Direct allocation scorer],holdout,"(0.353, 0.36]",68,0.35294117647058826,0.35639386624097824,0.3535892963409424,0.35956400632858276
TabICL[Direct allocation scorer],holdout,"(0.36, 0.373]",67,0.34328358208955223,0.36471894739279104,0.3598138988018036,0.37265726923942566
TabICL[Direct allocation scorer],holdout,"(0.373, 0.413]",67,0.29850746268656714,0.3862793721369843,0.37265750765800476,0.4111632704734802
TabICL[Direct allocation scorer],holdout,"(0.413, 0.538]",68,0.5294117647058824,0.4628716404823696,0.414846271276474,0.5384438633918762
TabICL[Direct allocation scorer] Calibration Base,calibration,"(0.0649, 0.121]",22,0.22727272727272727,0.09322218698534099,0.06587139517068863,0.11911173909902573
TabICL[Direct allocation scorer] Calibration Base,calibration,"(0.121, 0.198]",22,0.18181818181818182,0.15158639238639313,0.12327179312705994,0.19768530130386353
TabICL[Direct allocation scorer] Calibration Base,calibration,"(0.198, 0.338]",21,0.23809523809523808,0.3037271818944386,0.19785748422145844,0.3376401960849762
TabICL[Direct allocation scorer] Calibration Base,calibration,"(0.338, 0.351]",22,0.5,0.3462943895296617,0.3390977680683136,0.3508661091327667
TabICL[Direct allocation scorer] Calibration Base,calibration,"(0.351, 0.357]",21,0.19047619047619047,0.3536028067270915,0.35185524821281433,0.35706907510757446
TabICL[Direct allocation scorer] Calibration Base,calibration,"(0.357, 0.364]",25,0.4,0.36115803360939025,0.357318252325058,0.36407381296157837
TabICL[Direct allocation scorer] Calibration Base,calibration,"(0.364, 0.368]",18,0.3333333333333333,0.36614251964622074,0.3645764887332916,0.3681028485298157
TabICL[Direct allocation scorer] Calibration Base,calibration,"(0.368, 0.372]",22,0.3181818181818182,0.3699640374292027,0.36835533380508423,0.372150182723999
TabICL[Direct allocation scorer] Calibration Base,calibration,"(0.372, 0.387]",21,0.23809523809523808,0.3791033285004752,0.3724037706851959,0.3864547610282898
TabICL[Direct allocation scorer] Calibration Base,calibration,"(0.387, 0.47]",22,0.6818181818181818,0.4117137518796054,0.38774195313453674,0.47019582986831665
TabICL[Direct allocation scorer] Calibration Base,holdout,"(0.0757, 0.154]",68,0.20588235294117646,0.11767745007048636,0.07669919729232788,0.15428388118743896
TabICL[Direct allocation scorer] Calibration Base,holdout,"(0.154, 0.297]",67,0.29850746268656714,0.2263581472546307,0.15470919013023376,0.2965637445449829
TabICL[Direct allocation scorer] Calibration Base,holdout,"(0.297, 0.343]",69,0.3333333333333333,0.32472621746685193,0.29679015278816223,0.3434886038303375
TabICL[Direct allocation scorer] Calibration Base,holdout,"(0.343, 0.355]",69,0.3188405797101449,0.35024042189985083,0.34373337030410767,0.3548302948474884
TabICL[Direct allocation scorer] Calibration Base,holdout,"(0.355, 0.362]",65,0.3384615384615385,0.35868309140205384,0.3548305332660675,0.3615652620792389
TabICL[Direct allocation scorer] Calibration Base,holdout,"(0.362, 0.365]",67,0.3880597014925373,0.36341849992524333,0.3615655303001404,0.36507925391197205
TabICL[Direct allocation scorer] Calibration Base,holdout,"(0.365, 0.369]",67,0.34328358208955223,0.36697780374270766,0.36533084511756897,0.3691127598285675
TabICL[Direct allocation scorer] Calibration Base,holdout,"(0.369, 0.373]",68,0.3088235294117647,0.37127543109304767,0.3691129684448242,0.3734187185764313
TabICL[Direct allocation scorer] Calibration Base,holdout,"(0.373, 0.389]",67,0.2537313432835821,0.37843591152732053,0.3736726641654968,0.3890305161476135
TabICL[Direct allocation scorer] Calibration Base,holdout,"(0.389, 0.48]",68,0.5441176470588235,0.40671596150187883,0.38903072476387024,0.4799371063709259
